hisse,t_is_hac,t_p_akısı,i_hac_oranı,h_b_p_g
altny,651776849,-38242380.0,-6.0,-4.18
asels,14683427038,-21177338.0,-0.0,-0.19
reedr,1110440394,-40678111.0,-4.0,-0.44
miatk,1489357869,-125268684.0,-8.0,-2.68
sdttr,242868555,6251226.0,3.0,4.49
ingrm,116064130,-2796871.0,-2.0,-8.92
atatp,242845270,-32206414.0,-13.0,-10.55
alctl,254656871,5263507.0,2.0,2.17
karel,166718543,-15050126.0,-9.0,-0.75
aztek,177146979,-9150916.0,-5.0,-2.06
httbt,132604807,-12233709.0,-9.0,-3.78
logo,796531525,-107952414.0,-14.000000000000002,-19.45
ardyz,337308661,-8934483.0,-3.0,-0.73
indes,147170046,-5587165.0,-4.0,-0.26
mobtl,656870072,-19641934.0,-3.0,-0.21
penta,182088339,-10607036.0,-6.0,-0.78
netas,136053125,-6162595.0,-5.0,-2.27
arena,432975732,-36527506.0,-8.0,-2.98
escom,297213648,-11125138.0,-4.0,-0.11
papil,1970120716,-408627.0,-0.0,-0.01
forte,237977505,-2136465.0,-1.0,-0.6
link,230756648,-26710129.0,-12.0,-61.14
vbtyz,222720043,10989754.0,5.0,0.95
fonet,444485209,-3611359.0,-1.0,-0.11
mtrks,159952329,3817934.0,2.0,0.46
edata,111434060,-8281717.0,-7.000000000000001,-0.32
kfein,134637373,7136248.0,5.0,5.11
pkart,261782765,-828908.0,-0.0,-0.23
obase,341465920,-47616868.0,-14.000000000000002,-4.74
kront,74866369,-8832269.0,-12.0,-2.04
smart,107757630,-19719638.0,-18.0,-4.54
dgate,275459800,13630518.0,5.0,3.51
despc,151390487,6308662.0,4.0,2.2
manas,174496710,-9596044.0,-5.0,-0.32
odine,830199384,-25450590.0,-3.0,-2.41
patek,3342655932,144618792.0,4.0,3.41
hisse,t_is_hac,t_p_akısı,i_hac_oranı,h_b_p_g
trgyo,392075905,-17317709.0,-4.0,-2.76
ekgyo,13597100577,902258493.0,7.000000000000001,0.92
zrgyo,464253945,2947279.0,1.0,0.16
srvgy,525011534,-58420045.0,-11.0,-0.28
rygyo,464799026,23721774.0,5.0,0.67
isgyo,420453691,3681895.0,1.0,0.13
basgz,209858776,-17450137.0,-8.0,-2.86
aksgy,144633539,-20328352.0,-14.000000000000002,-0.87
ozkgy,308499355,-33295398.0,-11.0,-1.1
dggyo,45998324,-3213066.0,-7.000000000000001,-2.27
psgyo,833332228,28939200.0,3.0,0.06
yggyo,134711986,23378563.0,17.0,13.79
akmgy,36209191,-3082115.0,-9.0,-16.46
asgyo,165979880,5142307.0,3.0,0.33
hlgyo,481709891,-794230.0,-0.0,-0.0
adgyo,190603287,10955236.0,6.0,1.61
akfgy,430976095,4335087.0,1.0,0.02
tsgyo,134963757,3791039.0,3.0,0.18
surgy,359005660,-1916057.0,-1.0,-0.25
klgyo,654231987,131149795.0,20.0,0.94
algyo,185564892,-7891789.0,-4.0,-0.79
kzbgy,945281097,-4550403.0,-0.0,-0.05
sngyo,430253350,-42879311.0,-10.0,-0.35
vkgyo,246390697,-12235088.0,-5.0,-0.1
pekgy,670883157,-67135291.0,-10.0,-0.14
fzlgy,591064869,-145736080.0,-25.0,-8.73
begyo,1686420076,-199551015.0,-12.0,-1.2
segyo,489044023,7946936.0,2.0,0.07
pehol,7242120399,666845545.0,9.0,1.39
nugyo,298162539,22701858.0,8.0,0.57
agyo,72995876,-1298240.0,-2.0,-0.11
dzgyo,120422274,-10251718.0,-9.0,-0.5
msgyo,83342817,-1120753.0,-1.0,-0.05
mrgyo,1644033424,99972980.0,6.0,0.12
krgyo,884165490,-79518431.0,-9.0,-1.2
ozgyo,105350250,-3584689.0,-3.0,-0.18
kgyo,150814607,7900113.0,5.0,0.19
ygyo,819825104,1249745.0,0.0,0.01
avgyo,31365528,-1691582.0,-5.0,-0.47
tdgyo,168188356,19000795.0,11.0,1.63
atagy,53433058,-6411907.0,-12.0,-1.41
idgyo,74938764,6600621.0,9.0,0.27
mhrgy,79595526,6998684.0,9.0,0.43
avpgy,256075965,10211661.0,4.0,2.12
vrgyo,144978469,-6614351.0,-5.0,-0.11
kzgyo,158704261,-13560656.0,-9.0,-1.79
eygyo,106965078,-2256237.0,-2.0,-0.05
hisse,t_is_hac,t_p_akısı,i_hac_oranı,h_b_p_g
garan,10287184342,-290567706.0,-3.0,-3.08
isctr,16228585451,-712522759.0,-4.0,-0.48
halkb,3286797262,-20272131.0,-1.0,-0.13
vakbn,2545901311,15775305.0,1.0,0.14
akbnk,23641278549,652854295.0,3.0,1.43
skbnk,529484908,-40110863.0,-8.0,-0.36
albrk,552048370,30508558.0,6.0,0.37
ykbnk,26448165727,-5739840781.0,-22.0,-5.59
hisse,t_is_hac,t_p_akısı,i_hac_oranı,h_b_p_g
tezol,411600857,-64512593.0,-16.0,-2.64
a1cap,998361884,-18004927.0,-2.0,-0.12
adgyo,190603287,10955236.0,6.0,1.61
agrot,398722627,-27716602.0,-7.000000000000001,-0.54
ahgaz,361322772,1628333.0,0.0,0.11
akfye,277229328,-28288325.0,-10.0,-1.61
alfas,847403889,-48816443.0,-6.0,-2.69
asgyo,165979880,5142307.0,3.0,0.33
atakp,123865609,-16342319.0,-13.0,-5.53
astor,3319305693,-107684395.0,-3.0,-3.04
aztek,177146979,-9150916.0,-5.0,-2.06
barma,172925933,-9007180.0,-5.0,-0.94
begyo,1686420076,-199551015.0,-12.0,-1.2
bieny,782633987,-40251675.0,-5.0,-2.16
bigch,683607176,61955091.0,9.0,2.9
binho,4938229328,-705922726.0,-14.000000000000002,-31.77
bmstl,917982729,-13843849.0,-2.0,-0.87
borls,565159138,21352998.0,4.0,3.88
brkvy,313176712,-15042736.0,-5.0,-3.17
bvsan,232752059,-20333627.0,-9.0,-8.05
bydnr,114645274,9009669.0,8.0,1.63
cates,134606068,-20702241.0,-15.0,-4.52
conse,138689967,-13429953.0,-10.0,-0.28
cvkmd,915199511,-16151649.0,-2.0,-0.21
cwene,458838865,15382193.0,3.0,0.51
dapgm,1228331129,-77742336.0,-6.0,-0.57
dmrgd,473483496,-7458713.0,-2.0,-0.38
dofer,229007533,-29951086.0,-13.0,-4.15
ebebk,151644144,15626976.0,10.0,4.35
ekos,733996729,-40809338.0,-6.0,-1.29
eksun,105794293,-9135261.0,-9.0,-0.47
enery,1664719137,-9946561.0,-1.0,-0.03
ensri,175216369,-7496570.0,-4.0,-0.81
eupwr,535216874,-30766170.0,-6.0,-1.59
euren,3391940926,369580103.0,11.0,0.65
eygyo,106965078,-2256237.0,-2.0,-0.05
forte,237977505,-2136465.0,-1.0,-0.6
fzlgy,591064869,-145736080.0,-25.0,-8.73
gipta,1329705746,-128760731.0,-10.0,-8.28
goknr,438574320,-9415220.0,-2.0,-0.53
grsel,976821928,-48609339.0,-5.0,-13.62
gznmi,1824266226,-76427251.0,-4.0,-8.16
hatsn,373640614,5356366.0,1.0,0.57
hktm,159937228,1006430.0,1.0,0.07
httbt,132604807,-12233709.0,-9.0,-3.78
imasm,1915191785,-63081051.0,-3.0,-0.11
inves,154709517,-4379038.0,-3.0,-6.3
izenr,944969708,26497056.0,3.0,0.18
kayse,490353156,32706146.0,7.000000000000001,1.33
kcaer,778849327,-15716944.0,-2.0,-0.27
klrho,1141279266,-33041.0,-0.0,-0.0
klser,164352742,-7889780.0,-5.0,-1.37
klsyn,109065277,475191.0,0.0,0.02
kmpur,106112819,-2668088.0,-3.0,-0.36
kopol,281058637,-9182896.0,-3.0,-0.17
krpls,61442024,-3115223.0,-5.0,-0.34
ktlev,3462987539,30402822.0,1.0,0.86
kzgyo,158704261,-13560656.0,-9.0,-1.79
lider,802812893,-104289505.0,-13.0,-30.01
macko,231723947,13154219.0,6.0,2.29
makim,305303929,3242909.0,1.0,0.19
marbl,333389770,-28656983.0,-9.0,-1.32
mekag,95017939,-11300622.0,-12.0,-4.8
mhrgy,79595526,6998684.0,9.0,0.43
obase,341465920,-47616868.0,-14.000000000000002,-4.74
ofsym,372529597,-17774027.0,-5.0,-1.95
oncsm,128346272,-2244811.0,-2.0,-1.52
ozsub,360951180,-8077972.0,-2.0,-0.56
paseu,2700508568,138233819.0,5.0,3.82
hisse,t_is_hac,t_p_akısı,i_hac_oranı,h_b_p_g
tezol,411600857,-64512593.0,-16.0,-2.64
a1cap,998361884,-18004927.0,-2.0,-0.12
adgyo,190603287,10955236.0,6.0,1.61
agrot,398722627,-27716602.0,-7.000000000000001,-0.54
ahgaz,361322772,1628333.0,0.0,0.11
akfye,277229328,-28288325.0,-10.0,-1.61
alfas,847403889,-48816443.0,-6.0,-2.69
asgyo,165979880,5142307.0,3.0,0.33
atakp,123865609,-16342319.0,-13.0,-5.53
astor,3319305693,-107684395.0,-3.0,-3.04
aztek,177146979,-9150916.0,-5.0,-2.06
barma,172925933,-9007180.0,-5.0,-0.94
begyo,1686420076,-199551015.0,-12.0,-1.2
bieny,782633987,-40251675.0,-5.0,-2.16
bigch,683607176,61955091.0,9.0,2.9
binho,4938229328,-705922726.0,-14.000000000000002,-31.77
bmstl,917982729,-13843849.0,-2.0,-0.87
borls,565159138,21352998.0,4.0,3.88
brkvy,313176712,-15042736.0,-5.0,-3.17
bvsan,232752059,-20333627.0,-9.0,-8.05
bydnr,114645274,9009669.0,8.0,1.63
cates,134606068,-20702241.0,-15.0,-4.52
conse,138689967,-13429953.0,-10.0,-0.28
cvkmd,915199511,-16151649.0,-2.0,-0.21
cwene,458838865,15382193.0,3.0,0.51
dapgm,1228331129,-77742336.0,-6.0,-0.57
dmrgd,473483496,-7458713.0,-2.0,-0.38
dofer,229007533,-29951086.0,-13.0,-4.15
ebebk,151644144,15626976.0,10.0,4.35
ekos,733996729,-40809338.0,-6.0,-1.29
eksun,105794293,-9135261.0,-9.0,-0.47
enery,1664719137,-9946561.0,-1.0,-0.03
ensri,175216369,-7496570.0,-4.0,-0.81
eupwr,535216874,-30766170.0,-6.0,-1.59
euren,3391940926,369580103.0,11.0,0.65
eygyo,106965078,-2256237.0,-2.0,-0.05
forte,237977505,-2136465.0,-1.0,-0.6
fzlgy,591064869,-145736080.0,-25.0,-8.73
gipta,1329705746,-128760731.0,-10.0,-8.28
goknr,438574320,-9415220.0,-2.0,-0.53
grsel,976821928,-48609339.0,-5.0,-13.62
gznmi,1824266226,-76427251.0,-4.0,-8.16
hatsn,373640614,5356366.0,1.0,0.57
hktm,159937228,1006430.0,1.0,0.07
httbt,132604807,-12233709.0,-9.0,-3.78
imasm,1915191785,-63081051.0,-3.0,-0.11
inves,154709517,-4379038.0,-3.0,-6.3
izenr,944969708,26497056.0,3.0,0.18
kayse,490353156,32706146.0,7.000000000000001,1.33
kcaer,778849327,-15716944.0,-2.0,-0.27
klrho,1141279266,-33041.0,-0.0,-0.0
klser,164352742,-7889780.0,-5.0,-1.37
klsyn,109065277,475191.0,0.0,0.02
kmpur,106112819,-2668088.0,-3.0,-0.36
kopol,281058637,-9182896.0,-3.0,-0.17
krpls,61442024,-3115223.0,-5.0,-0.34
ktlev,3462987539,30402822.0,1.0,0.86
kzgyo,158704261,-13560656.0,-9.0,-1.79
lider,802812893,-104289505.0,-13.0,-30.01
macko,231723947,13154219.0,6.0,2.29
makim,305303929,3242909.0,1.0,0.19
marbl,333389770,-28656983.0,-9.0,-1.32
mekag,95017939,-11300622.0,-12.0,-4.8
mhrgy,79595526,6998684.0,9.0,0.43
obase,341465920,-47616868.0,-14.000000000000002,-4.74
ofsym,372529597,-17774027.0,-5.0,-1.95
oncsm,128346272,-2244811.0,-2.0,-1.52
ozsub,360951180,-8077972.0,-2.0,-0.56
paseu,2700508568,138233819.0,5.0,3.82
pcilt,260053044,-16819180.0,-6.0,-0.86
pltur,417680271,-38653147.0,-9.0,-2.45
pnlsn,138406220,-12191527.0,-9.0,-2.78
prdgs,174197296,-10176613.0,-6.0,-0.34
psgyo,833332228,28939200.0,3.0,0.06
reedr,1110440394,-40678111.0,-4.0,-0.44
rnpol,68288575,-2219525.0,-3.0,-1.03
rubns,160543502,-27038154.0,-17.0,-3.47
sdttr,242868555,6251226.0,3.0,4.49
segyo,489044023,7946936.0,2.0,0.07
skymd,1353571420,11846639.0,1.0,0.11
smrtg,356936836,-16904071.0,-5.0,-1.37
snica,121922682,1411007.0,1.0,0.04
soke,112712284,5760652.0,5.0,0.56
suntk,1808402873,-29374525.0,-2.0,-0.62
suwen,811706792,-19978360.0,-2.0,-0.37
tabgd,547164308,48720657.0,9.0,15.14
tarkm,168433378,-9545777.0,-6.0,-18.2
taten,424625399,2036447.0,0.0,0.2
tera,8924812031,634351167.0,7.000000000000001,10.68
tnztp,122769900,-3145122.0,-3.0,-0.91
vrgyo,144978469,-6614351.0,-5.0,-0.11
yylgd,341080746,-18420060.0,-5.0,-0.53
patek,3342655932,144618792.0,4.0,3.41
OBAMS,3936507021,-379218024.0,-10.0,-4.88
LMKDC,488500517,-19910568.0,-4.0,-1.07
hisse,t_is_hac,t_p_akısı,i_hac_oranı,h_b_p_g
hubvc,35805913,10297173.0,28.999999999999996,0.49
tatgd,134308451,-14429380.0,-11.0,-1.3
odas,691408811,-6819677.0,-1.0,-0.05
cwene,458838865,15382193.0,3.0,0.51
uluun,189133651,6732658.0,4.0,0.23
AYDEM,143852975,-17278661.0,-12.0,-2.04
conse,138689967,-13429953.0,-10.0,-0.28
ASELS,14683427038,-21177338.0,-0.0,-0.19
TUPRS,5427388830,-98639580.0,-2.0,-2.3
KCHOL,13267655459,-397581757.0,-3.0,-4.32
ARCLK,1222594369,-129427427.0,-11.0,-11.47
EREGL,16773715766,-394137075.0,-2.0,-0.56
KRDMD,5429307643,-36021863.0,-1.0,-0.15
SAHOL,8998410137,-186493572.0,-2.0,-1.6
SASA,8576157527,-1058692900.0,-12.0,-0.42
ENJSA,871862516,-48253696.0,-6.0,-2.92
AKSA,333570217,-26433487.0,-8.0,-0.73
HEKTS,914837905,-4031326.0,-0.0,-0.01
TKFEN,2212678354,121554104.0,5.0,6.5
SISE,3406741058,-318523078.0,-9.0,-3.2
EKGYO,13597100577,902258493.0,7.000000000000001,0.92
SOKE,112712284,5760652.0,5.0,0.56
KLKIM,209680754,-15152715.0,-7.000000000000001,-2.07
MEPET,18607836,-2105862.0,-11.0,-0.92
BJKAS,466841731,12879772.0,3.0,0.05
TUREX,3870758039,-350091138.0,-9.0,-1.7
ALGYO,185564892,-7891789.0,-4.0,-0.79
GMSTR,939675434,10118415.0,1.0,2.79
KUYAS,7363023116,249722327.0,3.0,1.81
ISGYO,420453691,3681895.0,1.0,0.13
SELEC,598120597,74543758.0,12.0,8.35
KRONT,74866369,-8832269.0,-12.0,-2.04
USDTR,558991372,48039881.0,9.0,312.06
ISFIN,237353296,17070592.0,7.000000000000001,0.87
BAGFS,285784369,-41779137.0,-15.0,-4.03
SARKY,95676972,-5737727.0,-6.0,-1.06
ASTOR,3319305693,-107684395.0,-3.0,-3.04
BTCIM,2221526046,108938801.0,5.0,0.24
LKMNH,96874184,-1133770.0,-1.0,-0.19
ERBOS,83271231,-10721159.0,-13.0,-19.51
RAYSG,412823284,-173480.0,-0.0,-0.1
DMSAS,121990213,3495591.0,3.0,0.21
KZBGY,945281097,-4550403.0,-0.0,-0.05
YATAS,147387924,3191161.0,2.0,0.54
DOCO,623469382,17664332.0,3.0,214.27
ESCOM,297213648,-11125138.0,-4.0,-0.11
OZSUB,360951180,-8077972.0,-2.0,-0.56
KLMSN,158710243,-4366757.0,-3.0,-0.63
SUMAS,942231105,0.0,0.0,0.0
KARTN,210925154,521863.0,0.0,0.21
IPEKE,919036625,-41445449.0,-5.0,-2.75
DOBUR,667984614,7062341.0,1.0,3.71
SAFKR,522853813,-35768074.0,-7.000000000000001,-7.59
HTTBT,132604807,-12233709.0,-9.0,-3.78
SONME,98719627,2093699.0,2.0,2.24
FROTO,5572654051,-458274885.0,-8.0,-6.99
EMKEL,2939881183,-85844871.0,-3.0,-0.98
RYGYO,464799026,23721774.0,5.0,0.67
LOGO,796531525,-107952414.0,-14.000000000000002,-19.45
KOZAL,6694267109,-547036476.0,-8.0,-1.95
ALCTL,254656871,5263507.0,2.0,2.17
DIRIT,2123743202,0.0,0.0,0.0
EUHOL,3121445741,20242131.0,1.0,0.07
MIATK,1489357869,-125268684.0,-8.0,-2.68
OSTIM,366415897,-11286178.0,-3.0,-0.13
GSDDE,109285168,12196580.0,11.0,0.91
AVTUR,46387634,-2192415.0,-5.0,-0.51
ORGE,532652808,-46486836.0,-9.0,-7.06
QUAGR,1764409397,87153344.0,5.0,0.28
TEZOL,411600857,-64512593.0,-16.0,-2.64
KTSKR,210539082,15594044.0,7.000000000000001,4.32
AGESA,243793170,14353897.0,6.0,8.3
TTRAK,427244427,-43902189.0,-10.0,-58.84
BIOEN,253213082,-993527.0,-0.0,-0.08
MTRYO,29043340,-2684047.0,-9.0,-0.6
KLGYO,654231987,131149795.0,20.0,0.94
JANTS,303690753,-19864869.0,-7.000000000000001,-1.37
ANSGR,706926778,26948457.0,4.0,3.38
EGSER,43666925,1184667.0,3.0,0.09
BRKO,2543062179,0.0,0.0,0.0
MAALT,123697505,-16187514.0,-13.0,-88.99
SAMAT,130795103,-12603492.0,-10.0,-1.68
KNFRT,163954790,12344540.0,8.0,0.84
Z30KP,1900926181,-222798713.0,-12.0,-16.96
BRMEN,700213777,0.0,0.0,0.0
DENGE,491598433,11679529.0,2.0,0.05
GEREL,917136411,25476779.0,3.0,0.3
ETYAT,78393517,8491420.0,11.0,1.28
cvkmd,915199511,-16151649.0,-2.0,-0.21
PGSUS,6743913938,69510327.0,1.0,2.48
PSGYO,833332228,28939200.0,3.0,0.06
CEMAS,3038755650,102266102.0,3.0,0.3
ADESE,1958402797,131281127.0,7.000000000000001,0.29
SANKO,49269787,-4061591.0,-8.0,-1.64
ANHYT,302329786,-17439786.0,-6.0,-4.31
PNLSN,138406220,-12191527.0,-9.0,-2.78
GENIL,848962719,-28427394.0,-3.0,-4.62
ZOREN,437355782,-20736999.0,-5.0,-0.15
CMENT,1894554966,0.0,0.0,0.0
BOSSA,159739940,14211757.0,9.0,0.55
SRVGY,525011534,-58420045.0,-11.0,-0.28
VANGD,397526290,22973553.0,6.0,2.15
PRKAB,85939581,-10625718.0,-12.0,-3.38
ARASE,241876456,23964393.0,10.0,4.72
PRKME,78328770,-2989114.0,-4.0,-0.67
KFEIN,134637373,7136248.0,5.0,5.11
AGYO,72995876,-1298240.0,-2.0,-0.11
KRDMB,278084568,2756904.0,1.0,0.22
GRSEL,976821928,-48609339.0,-5.0,-13.62
FONET,444485209,-3611359.0,-1.0,-0.11
HATEK,246736890,-44863227.0,-18.0,-5.1
ZPLIB,5853188435,532618379.0,9.0,12.99
ORMA,1518376766,0.0,0.0,0.0
DGATE,275459800,13630518.0,5.0,3.51
VERTU,80547234,-7225228.0,-9.0,-2.83
IDGYO,74938764,6600621.0,9.0,0.27
CCOLA,980246312,33100209.0,3.0,1.7
TRCAS,220937716,18705601.0,8.0,2.26
BNTAS,253308355,-11278378.0,-4.0,-0.31
DESPC,151390487,6308662.0,4.0,2.2
KONYA,330237515,3871578.0,1.0,62.66
BAYRK,934273924,-21657840.0,-2.0,-0.46
INFO,396024029,-6165492.0,-2.0,-0.04
SAYAS,607710796,30576777.0,5.0,2.06
MTRKS,159952329,3817934.0,2.0,0.46
GLYHO,1739076023,1004756560.0,57.99999999999999,4.19
FLAP,392487034,27463242.0,7.000000000000001,0.73
ODAS,691408811,-6819677.0,-1.0,-0.05
BRLSM,243587245,-13479566.0,-6.0,-0.89
GLRYH,306685952,-6862629.0,-2.0,-0.07
PSDTC,134956357,-11510982.0,-9.0,-8.56
ATAGY,53433058,-6411907.0,-12.0,-1.41
Z30EA,150949994,-20163999.0,-13.0,-16.8
EGGUB,796196766,30607383.0,4.0,3.07
ERCB,137480836,-4649437.0,-3.0,-2.54
AKSGY,144633539,-20328352.0,-14.000000000000002,-0.87
EGEEN,590045030,-42065412.0,-7.000000000000001,-587.84
OYAYO,77377256,1554190.0,2.0,0.52
ECZYT,169860555,-12555758.0,-7.000000000000001,-13.25
SEKFK,45666558,-5267934.0,-12.0,-0.84
DAGI,153469600,4202651.0,3.0,0.13
KERVN,894619972,0.0,0.0,0.0
SKTAS,166312405,18850396.0,11.0,0.57
DURDO,163292278,-2644159.0,-2.0,-0.05
INDES,147170046,-5587165.0,-4.0,-0.26
YGYO,819825104,1249745.0,0.0,0.01
NATEN,2268478812,83348650.0,4.0,1.97
SMART,107757630,-19719638.0,-18.0,-4.54
KIMMR,306876516,6095315.0,2.0,0.25
TUKAS,512051938,-3794340.0,-1.0,-0.02
ENSRI,175216369,-7496570.0,-4.0,-0.81
PAMEL,71936636,-2415669.0,-3.0,-2.81
ZPX30,1598707887,36828712.0,2.0,3.15
VAKFN,1194383416,-61353593.0,-5.0,-0.11
POLHO,719660042,6241760.0,1.0,0.17
EMNIS,1460882981,0.0,0.0,0.0
BERA,371579509,-11927676.0,-3.0,-0.47
DYOBY,204563910,-18251603.0,-9.0,-1.2
TRILC,486691745,-25751789.0,-5.0,-1.19
ECILC,409227994,26732460.0,7.000000000000001,2.92
KARSN,356744835,-45948872.0,-13.0,-1.31
LINK,230756648,-26710129.0,-12.0,-61.14
MERCN,247192168,-29408068.0,-12.0,-2.0
AKGRT,207037488,-7555948.0,-4.0,-0.22
YESIL,761194174,51473250.0,7.000000000000001,0.1
HDFGS,1147713988,6376481.0,1.0,0.01
ELITE,374511031,-20533187.0,-5.0,-2.09
Z30KE,1307395358,123945845.0,9.0,9.36
INTEM,78713451,-3627755.0,-5.0,-8.83
MAGEN,1926994438,25601127.0,1.0,0.45
CLEBI,1415061192,-61366011.0,-4.0,-84.13
AKMGY,36209191,-3082115.0,-9.0,-16.46
YONGA,713593363,0.0,0.0,0.0
HURGZ,207803159,-5184647.0,-2.0,-0.15
AKSUE,82779130,-6440049.0,-8.0,-1.49
EGPRO,109488685,-4518216.0,-4.0,-0.85
TMPOL,78958937,-1227063.0,-2.0,-1.15
DOKTA,142542378,-10923378.0,-8.0,-1.64
BASGZ,209858776,-17450137.0,-8.0,-2.86
ADEL,533683650,-51382671.0,-10.0,-2.96
PETUN,71876900,83267.0,0.0,0.01
BEYAZ,226225507,-8307219.0,-4.0,-0.79
ISSEN,60695411,-4927943.0,-8.0,-0.63
PCILT,260053044,-16819180.0,-6.0,-0.86
ULUFA,257373175,-8581099.0,-3.0,-0.12
AFYON,131247547,-7134134.0,-5.0,-0.7
KOZAA,2187231829,-24055882.0,-1.0,-0.92
EGEPO,309835649,-3466313.0,-1.0,-0.08
EKIZ,843548974,0.0,0.0,0.0
BRISA,106475044,-2393676.0,-2.0,-1.68
KORDS,163054583,10218137.0,6.0,3.51
BRSAN,784687483,-25625849.0,-3.0,-10.98
ENKAI,3740035949,-56760096.0,-2.0,-0.94
ISYAT,224078966,6277090.0,3.0,0.23
KAREL,166718543,-15050126.0,-9.0,-0.75
IZFAS,969512862,189971483.0,20.0,21.82
SEKUR,77060944,-7851009.0,-10.0,-1.57
KUTPO,240052967,-20841488.0,-9.0,-7.29
EUYO,51964949,4313081.0,8.0,0.85
MGROS,3176785170,77429934.0,2.0,11.98
MMCAS,838237893,0.0,0.0,0.0
AYGAZ,284567446,10022149.0,4.0,4.45
MERIT,127290919,-5111793.0,-4.0,-0.48
LRSHO,938638839,106974.0,0.0,0.0
TBORG,70849535,-3801982.0,-5.0,-9.25
DERHL,9115881818,11710389.0,0.0,0.09
ORCAY,45058674,-5570214.0,-12.0,-0.96
FRIGO,188976290,-12743130.0,-7.000000000000001,-0.46
TLMAN,89718892,-3811598.0,-4.0,-3.5
TTKOM,3123892106,-156951654.0,-5.0,-2.96
SNKRN,1720811735,0.0,0.0,0.0
EDIP,361899238,-16832586.0,-5.0,-1.4
RYSAS,244244019,-24877692.0,-10.0,-1.39
IHLAS,974470141,-46473941.0,-5.0,-0.11
PAPIL,1970120716,-408627.0,-0.0,-0.01
MEDTR,195420988,6963907.0,4.0,1.08
ARENA,432975732,-36527506.0,-8.0,-2.98
GOODY,161915342,10687731.0,7.000000000000001,1.1
EPLAS,663745599,-5695796.0,-1.0,-0.05
GENTS,441012145,-9497838.0,-2.0,-0.48
NETAS,136053125,-6162595.0,-5.0,-2.27
ARSAN,136693273,1323142.0,1.0,0.2
HLGYO,481709891,-794230.0,-0.0,-0.0
TCELL,7795071042,-290469051.0,-4.0,-3.6
OTTO,191556980,-11061239.0,-6.0,-21.98
ANELE,398133604,-18507710.0,-5.0,-0.78
EUKYO,53513636,4450200.0,8.0,0.91
YGGYO,134711986,23378563.0,17.0,13.79
DAPGM,1228331129,-77742336.0,-6.0,-0.57
AYEN,59285141,1534215.0,3.0,0.64
AYCES,102714116,-15235352.0,-15.0,-61.5
PKART,261782765,-828908.0,-0.0,-0.23
KLSYN,109065277,475191.0,0.0,0.02
IHEVA,47108950,-4458640.0,-9.0,-0.2
GUBRF,9972692569,-1512412910.0,-15.0,-38.89
DGGYO,45998324,-3213066.0,-7.000000000000001,-2.27
DZGYO,120422274,-10251718.0,-9.0,-0.5
ULKER,2509954355,-77471873.0,-3.0,-3.36
NTGAZ,351801925,-18130915.0,-5.0,-0.47
CRDFA,158747252,2688559.0,2.0,0.2
BSOKE,1753501010,57832130.0,3.0,0.59
VBTYZ,222720043,10989754.0,5.0,0.95
YEOTK,654554234,-59473151.0,-9.0,-3.72
BANVT,271939322,-9163727.0,-3.0,-6.96
AVOD,138969033,74947.0,0.0,0.0
PAGYO,194309272,-15671730.0,-8.0,-5.85
DAGHL,347655096,-2657780.0,-1.0,-0.73
ALARK,1660325623,-105369319.0,-6.0,-5.31
ICBCT,392226102,32218677.0,8.0,1.33
ARZUM,365225883,43615620.0,12.0,0.51
NUGYO,298162539,22701858.0,8.0,0.57
IZMDC,131859197,-9589899.0,-7.000000000000001,-0.37
GLBMD,39402071,-1734040.0,-4.0,-0.46
MAVI,1048588217,-49215980.0,-5.0,-1.47
OYYAT,116335072,1718798.0,1.0,0.44
PRZMA,59171416,16411404.0,28.000000000000004,3.53
DERIM,297270314,18550481.0,6.0,2.46
MNDRS,334167474,3048980.0,1.0,0.1
IHGZT,337978105,-5091868.0,-2.0,-0.02
AVGYO,31365528,-1691582.0,-5.0,-0.47
GWIND,296543231,14940122.0,5.0,1.14
MPARK,509339646,-7206219.0,-1.0,-4.66
ARDYZ,337308661,-8934483.0,-3.0,-0.73
HEDEF,307421239,11695053.0,4.0,0.31
COSMO,54591792,-6664623.0,-12.0,-12.68
PEKGY,670883157,-67135291.0,-10.0,-0.14
KONTR,1561704110,-116686930.0,-7.000000000000001,-1.9
ESCAR,328951174,-20816353.0,-6.0,-4.7
OSMEN,126158648,-8904384.0,-7.000000000000001,-0.54
IHYAY,303230701,36720258.0,12.0,0.26
TDGYO,168188356,19000795.0,11.0,1.63
ANGEN,132929996,4817704.0,4.0,0.4
SNPAM,1803468432,0.0,0.0,0.0
EDATA,111434060,-8281717.0,-7.000000000000001,-0.32
DESA,145938353,674578.0,0.0,0.04
PENTA,182088339,-10607036.0,-6.0,-0.78
SNGYO,430253350,-42879311.0,-10.0,-0.35
GRNYO,46501514,-4808922.0,-10.0,-0.9
GLDTR,718892613,50635508.0,7.000000000000001,24.93
BAKAB,188794348,-3171383.0,-2.0,-0.55
ISBTR,1824272849,0.0,0.0,0.0
TOASO,4239669145,-190627520.0,-4.0,-8.42
BURVA,85582772,-3020702.0,-4.0,-3.73
KRVGD,105612641,-1845475.0,-2.0,-0.04
AEFES,4030992704,-143408157.0,-4.0,-5.21
SELVA,135662668,-12563341.0,-9.0,-0.17
INVES,154709517,-4379038.0,-3.0,-6.3
ZGOLD,411801462,6071328.0,1.0,6.32
AGHOL,757760838,-36785271.0,-5.0,-12.78
NIBAS,343379385,-556135.0,-0.0,-0.03
INVEO,328875772,-7665049.0,-2.0,-0.15
AKYHO,107093964,8371440.0,8.0,0.25
KRDMA,1339854140,36861325.0,3.0,1.02
GOZDE,128013297,-16556226.0,-13.0,-2.36
KRSTL,245093161,-29391340.0,-12.0,-0.82
TAVHL,2111397260,37405373.0,2.0,3.95
KATMR,1554639183,-185129656.0,-12.0,-0.21
KONKA,129673921,4420608.0,3.0,1.12
OZKGY,308499355,-33295398.0,-11.0,-1.1
DGNMO,69872173,-7594409.0,-11.0,-0.69
VKFYO,38502842,-2933333.0,-8.0,-1.32
USAK,2812972415,-23277162.0,-1.0,-0.04
GARFA,176470263,-5456186.0,-3.0,-0.72
YAPRK,689558098,-28369974.0,-4.0,-11.75
AKSEN,485817630,-5688074.0,-1.0,-0.39
YAYLA,188378113,1234796.0,1.0,0.17
SANFM,653529610,-74357026.0,-11.0,-2.23
VAKKO,181071831,-22894412.0,-13.0,-7.17
BFREN,365979916,25380543.0,7.000000000000001,11.28
SNICA,121922682,1411007.0,1.0,0.04
RALYH,2264580725,-149320693.0,-7.000000000000001,-9.0
GLCVY,331186883,38807590.0,12.0,7.45
SMRTG,356936836,-16904071.0,-5.0,-1.37
GEDIK,63366071,-2768505.0,-4.0,-0.36
PINSU,239298345,16986604.0,7.000000000000001,0.41
DOAS,1079624253,-82581900.0,-8.0,-13.68
ISDMR,241743603,-5594371.0,-2.0,-0.8
DEVA,137543513,11295802.0,8.0,4.58
GSRAY,943325589,-48561830.0,-5.0,-0.09
OYAKC,1858659162,49022781.0,3.0,0.57
ISBIR,1393160068,0.0,0.0,0.0
TURSG,684880787,-5586264.0,-1.0,-0.13
KAPLM,218158286,6270508.0,3.0,6.72
SELGD,97470671,2584521.0,3.0,1.42
ZPBDL,1257845109,-208251116.0,-17.0,-25.33
FENER,3491089005,-152220701.0,-4.0,-2.05
GESAN,685163688,-30178393.0,-4.0,-1.89
BIZIM,57062610,-6328352.0,-11.0,-2.8
VESTL,1338501781,-121211976.0,-9.0,-3.3
KRGYO,884165490,-79518431.0,-9.0,-1.2
OTKAR,467281371,-7018553.0,-2.0,-5.94
GOLTS,190981648,-6871490.0,-4.0,-12.6
RTALB,311143417,8499387.0,3.0,0.08
FADE,95925244,-3195518.0,-3.0,-0.44
MANAS,174496710,-9596044.0,-5.0,-0.32
BLCYT,134024106,550984.0,0.0,0.07
OYLUM,43665651,4709173.0,11.0,0.79
ruzye,516316673,-10443790.0,-2.0,-0.18
ALKIM,97087351,1186504.0,1.0,0.18
TSGYO,134963757,3791039.0,3.0,0.18
TMSN,1676276419,-92704045.0,-6.0,-5.89
AKFGY,430976095,4335087.0,1.0,0.02
ISKPL,215409331,3500947.0,2.0,0.47
SOKM,1322577167,-155362678.0,-12.0,-4.09
VESBE,573409487,-76694160.0,-13.0,-1.27
GMTAS,196982962,5216344.0,3.0,0.44
PNSUT,109677509,806515.0,1.0,0.07
TGSAS,114577686,6387249.0,6.0,4.29
CRFSA,158395732,664816.0,0.0,0.34
ETILR,1044148638,63510418.0,6.0,0.58
SANEL,58243166,4437668.0,8.0,1.96
RODRG,30965485,-2016132.0,-7.000000000000001,-1.07
MEGAP,1248779854,-3735166.0,-0.0,-0.01
FMIZP,157219816,4524664.0,3.0,8.44
RNPOL,68288575,-2219525.0,-3.0,-1.03
ZRGYO,464253945,2947279.0,1.0,0.16
BUCIM,156978939,-13157077.0,-8.0,-0.61
IEYHO,444636553,-3825283.0,-1.0,-0.12
TSKB,1296312434,-79261625.0,-6.0,-0.68
ALKA,119470197,3228521.0,3.0,0.18
BALAT,1484499363,0.0,0.0,0.0
CEOEM,247698983,-52047448.0,-21.0,-5.89
ALCAR,203653626,-19602068.0,-10.0,-86.83
UFUK,295820906,-53074599.0,-18.0,-150.79
ESEN,761953403,109810744.0,14.000000000000002,9.03
KARYE,269398954,-41008598.0,-15.0,-4.11
MRSHL,128373950,-9061497.0,-7.000000000000001,-99.61
AKCNS,391257102,1934107.0,0.0,0.71
METRO,242247311,924467.0,0.0,0.01
ATLAS,78570248,5363831.0,7.000000000000001,0.38
DOHOL,1122092558,-11039345.0,-1.0,-0.14
TRGYO,392075905,-17317709.0,-4.0,-2.76
ISMEN,957087606,-36324002.0,-4.0,-1.29
FORMT,589086374,-4894611.0,-1.0,-0.03
OZRDN,31080848,-2908939.0,-9.0,-0.74
DARDL,555919075,8435477.0,2.0,0.03
CUSAN,72557243,-8169449.0,-11.0,-2.24
IHAAS,676304845,21388570.0,3.0,0.8
KGYO,150814607,7900113.0,5.0,0.19
KRTEK,94190255,-11905470.0,-13.0,-3.31
PARSN,145134618,4406015.0,3.0,2.45
PENGD,171444964,-2540169.0,-1.0,-0.12
BIMAS,10427486519,190295728.0,2.0,8.77
VKING,38132644,297144.0,1.0,0.22
CANTE,1201990977,-58470836.0,-5.0,-0.08
CASA,1740844568,0.0,0.0,0.0
KENT,2656712568,0.0,0.0,0.0
DNISI,130203665,4730640.0,4.0,0.71
PETKM,2026806568,-7720309.0,-0.0,-0.06
SEYKM,26323615,-2105266.0,-8.0,-0.23
AYES,901971429,0.0,0.0,0.0
ZPT10,102450323,-11662731.0,-11.0,-8.71
MNDTR,119523416,-3086944.0,-3.0,-0.15
CELHA,144203626,-5397581.0,-4.0,-0.77
MARTI,839400232,7573636.0,1.0,0.03
KSTUR,3186718742,0.0,0.0,0.0
BRYAT,471702276,-25830119.0,-5.0,-103.46
NUHCM,182736164,-1389371.0,-1.0,-1.74
ATSYH,1614515874,0.0,0.0,0.0
ACSEL,82197282,-2234016.0,-3.0,-2.82
TEKTU,998742972,106047532.0,11.0,0.61
YUNSA,72232109,-406795.0,-1.0,-0.03
ASUZU,388944334,-28652912.0,-7.000000000000001,-4.27
BRKSN,47250496,1447163.0,3.0,0.22
YYAPI,1367916522,11436456.0,1.0,0.01
CEMTS,710403969,-24206424.0,-3.0,-0.39
BASCM,762412390,0.0,0.0,0.0
ULUSE,184916698,1391258.0,1.0,0.97
GSDHO,231274847,-33076628.0,-14.000000000000002,-0.56
POLTK,157576690,-2903240.0,-2.0,-112.91
BMSCH,63029258,1104770.0,2.0,0.2
YBTAS,1804572937,0.0,0.0,0.0
MERKO,347576875,-30351867.0,-9.0,-1.27
TUCLK,166672715,-5870017.0,-4.0,-0.32
AKENR,431091678,-18175209.0,-4.0,-0.46
MARKA,257252237,-8150539.0,-3.0,-1.59
barma,172925933,-9007180.0,-5.0,-0.94
alfas,847403889,-48816443.0,-6.0,-2.69
goknr,438574320,-9415220.0,-2.0,-0.53
eksun,105794293,-9135261.0,-9.0,-0.47
lider,802812893,-104289505.0,-13.0,-30.01
lidfa,569626544,-9645656.0,-2.0,-0.07
kayse,490353156,32706146.0,7.000000000000001,1.33
pehol,7242120399,666845545.0,9.0,1.39
hisse,t_is_hac,t_p_akısı,i_hac_oranı,h_b_p_g
ENJSA,871862516,-48253696.0,-6.0,-2.92
AKSEN,485817630,-5688074.0,-1.0,-0.39
AHGAZ,361322772,1628333.0,0.0,0.11
MOGAN,267960274,-10976998.0,-4.0,-0.35
SMRTG,356936836,-16904071.0,-5.0,-1.37
CWENE,458838865,15382193.0,3.0,0.51
ZOREN,437355782,-20736999.0,-5.0,-0.15
MAGEN,1926994438,25601127.0,1.0,0.45
ENERY,1664719137,-9946561.0,-1.0,-0.03
AYDEM,143852975,-17278661.0,-12.0,-2.04
ALFAS,847403889,-48816443.0,-6.0,-2.69
AKFYE,277229328,-28288325.0,-10.0,-1.61
GWIND,296543231,14940122.0,5.0,1.14
ARASE,241876456,23964393.0,10.0,4.72
CANTE,1201990977,-58470836.0,-5.0,-0.08
IZENR,944969708,26497056.0,3.0,0.18
ODAS,691408811,-6819677.0,-1.0,-0.05
BIOEN,253213082,-993527.0,-0.0,-0.08
AKENR,431091678,-18175209.0,-4.0,-0.46
AYEN,59285141,1534215.0,3.0,0.64
TATEN,424625399,2036447.0,0.0,0.2
NATEN,2268478812,83348650.0,4.0,1.97
ESEN,761953403,109810744.0,14.000000000000002,9.03
NTGAZ,351801925,-18130915.0,-5.0,-0.47
HUNER,263103208,6017417.0,2.0,0.08
PAMEL,71936636,-2415669.0,-3.0,-2.81
CONSE,138689967,-13429953.0,-10.0,-0.28
ZEDUR,224528274,588622.0,0.0,0.02
KARYE,269398954,-41008598.0,-15.0,-4.11
AKSUE,82779130,-6440049.0,-8.0,-1.49
CATES,134606068,-20702241.0,-15.0,-4.52
ENTRA,612157769,-39655131.0,-6.0,-0.61
hisse,t_is_hac,t_p_akısı,i_hac_oranı,h_b_p_g
KCHOL,13267655459,-397581757.0,-3.0,-4.32
THYAO,33491656628,-833863370.0,-2.0,-6.93
BIMAS,10427486519,190295728.0,2.0,8.77
FROTO,5572654051,-458274885.0,-8.0,-6.99
TUPRS,5427388830,-98639580.0,-2.0,-2.3
ASELS,14683427038,-21177338.0,-0.0,-0.19
ENKAI,3740035949,-56760096.0,-2.0,-0.94
SASA,8576157527,-1058692900.0,-12.0,-0.42
TCELL,7795071042,-290469051.0,-4.0,-3.6
CCOLA,980246312,33100209.0,3.0,1.7
SAHOL,8998410137,-186493572.0,-2.0,-1.6
EREGL,16773715766,-394137075.0,-2.0,-0.56
TTKOM,3123892106,-156951654.0,-5.0,-2.96
AEFES,4030992704,-143408157.0,-4.0,-5.21
SISE,3406741058,-318523078.0,-9.0,-3.2
TOASO,4239669145,-190627520.0,-4.0,-8.42
ARCLK,1222594369,-129427427.0,-11.0,-11.47
PGSUS,6743913938,69510327.0,1.0,2.48
AGHOL,757760838,-36785271.0,-5.0,-12.78
MGROS,3176785170,77429934.0,2.0,11.98
TAVHL,2111397260,37405373.0,2.0,3.95
OYAKC,1858659162,49022781.0,3.0,0.57
ASTOR,3319305693,-107684395.0,-3.0,-3.04
ENJSA,871862516,-48253696.0,-6.0,-2.92
TTRAK,427244427,-43902189.0,-10.0,-58.84
KOZAL,6694267109,-547036476.0,-8.0,-1.95
TURSG,684880787,-5586264.0,-1.0,-0.13
OTKAR,467281371,-7018553.0,-2.0,-5.94
PETKM,2026806568,-7720309.0,-0.0,-0.06
BRSAN,784687483,-25625849.0,-3.0,-10.98
ULKER,2509954355,-77471873.0,-3.0,-3.36
BRYAT,471702276,-25830119.0,-5.0,-103.46
ISMEN,957087606,-36324002.0,-4.0,-1.29
GUBRF,9972692569,-1512412910.0,-15.0,-38.89
AKSEN,485817630,-5688074.0,-1.0,-0.39
TABGD,547164308,48720657.0,9.0,15.14
DOAS,1079624253,-82581900.0,-8.0,-13.68
MAVI,1048588217,-49215980.0,-5.0,-1.47
EKGYO,13597100577,902258493.0,7.000000000000001,0.92
ALARK,1660325623,-105369319.0,-6.0,-5.31
DOHOL,1122092558,-11039345.0,-1.0,-0.14
EGEEN,590045030,-42065412.0,-7.000000000000001,-587.84
AKSA,333570217,-26433487.0,-8.0,-0.73
KONYA,330237515,3871578.0,1.0,62.66
ECILC,409227994,26732460.0,7.000000000000001,2.92
SOKM,1322577167,-155362678.0,-12.0,-4.09
TSKB,1296312434,-79261625.0,-6.0,-0.68
KONTR,1561704110,-116686930.0,-7.000000000000001,-1.9
CIMSA,2551204071,18831002.0,1.0,0.36
REEDR,1110440394,-40678111.0,-4.0,-0.44
VESBE,573409487,-76694160.0,-13.0,-1.27
HEKTS,914837905,-4031326.0,-0.0,-0.01
KCAER,778849327,-15716944.0,-2.0,-0.27
SMRTG,356936836,-16904071.0,-5.0,-1.37
BTCIM,2221526046,108938801.0,5.0,0.24
MIATK,1489357869,-125268684.0,-8.0,-2.68
CWENE,458838865,15382193.0,3.0,0.51
KRDMD,5429307643,-36021863.0,-1.0,-0.15
ZOREN,437355782,-20736999.0,-5.0,-0.15
ENERY,1664719137,-9946561.0,-1.0,-0.03
AGROT,398722627,-27716602.0,-7.000000000000001,-0.54
BFREN,365979916,25380543.0,7.000000000000001,11.28
VESTL,1338501781,-121211976.0,-9.0,-3.3
ALFAS,847403889,-48816443.0,-6.0,-2.69
AKFYE,277229328,-28288325.0,-10.0,-1.61
ECZYT,169860555,-12555758.0,-7.000000000000001,-13.25
KLSER,164352742,-7889780.0,-5.0,-1.37
KOZAA,2187231829,-24055882.0,-1.0,-0.92
GESAN,685163688,-30178393.0,-4.0,-1.89
EUPWR,535216874,-30766170.0,-6.0,-1.59
TKFEN,2212678354,121554104.0,5.0,6.5
BINHO,4938229328,-705922726.0,-14.000000000000002,-31.77
YEOTK,654554234,-59473151.0,-9.0,-3.72
KAYSE,490353156,32706146.0,7.000000000000001,1.33
OBAMS,3936507021,-379218024.0,-10.0,-4.88
ISGYO,420453691,3681895.0,1.0,0.13
SDTTR,242868555,6251226.0,3.0,4.49
TMSN,1676276419,-92704045.0,-6.0,-5.89
CANTE,1201990977,-58470836.0,-5.0,-0.08
IZENR,944969708,26497056.0,3.0,0.18
YYLGD,341080746,-18420060.0,-5.0,-0.53
TUKAS,512051938,-3794340.0,-1.0,-0.02
ODAS,691408811,-6819677.0,-1.0,-0.05
EUREN,3391940926,369580103.0,11.0,0.65
BERA,371579509,-11927676.0,-3.0,-0.47
AKFGY,430976095,4335087.0,1.0,0.02
GOLTS,190981648,-6871490.0,-4.0,-12.6
QUAGR,1764409397,87153344.0,5.0,0.28
KTLEV,3462987539,30402822.0,1.0,0.86
ARDYZ,337308661,-8934483.0,-3.0,-0.73
PEKGY,670883157,-67135291.0,-10.0,-0.14
LMKDC,488500517,-19910568.0,-4.0,-1.07
hisse,t_is_hac,t_p_akısı,i_hac_oranı,h_b_p_g
OPX30,98935783,-2855833.0,-3.0,-1.62
ZPX30,1598707887,36828712.0,2.0,3.15
ZELOT,127501387,-57596257.0,-45.0,-43.24
APX30,142475651,1368719.0,1.0,0.25
APLIB,38930319,-5614131.0,-14.000000000000002,-4.84
ZSR25,34609584,-2746361.0,-8.0,-2.73
APBDL,71256035,-6526788.0,-9.0,-2.09
Z30EA,150949994,-20163999.0,-13.0,-16.8
ZPLIB,5853188435,532618379.0,9.0,12.99
ZTM25,73842219,6620974.0,9.0,11.47
ZPBDL,1257845109,-208251116.0,-17.0,-25.33
hisse,t_is_hac,t_p_akısı,i_hac_oranı,h_b_p_g
alark,1660325623,-105369319.0,-6.0,-5.31
arclk,1222594369,-129427427.0,-11.0,-11.47
asels,14683427038,-21177338.0,-0.0,-0.19
astor,3319305693,-107684395.0,-3.0,-3.04
bimas,10427486519,190295728.0,2.0,8.77
ekgyo,13597100577,902258493.0,7.000000000000001,0.92
enkai,3740035949,-56760096.0,-2.0,-0.94
eregl,16773715766,-394137075.0,-2.0,-0.56
froto,5572654051,-458274885.0,-8.0,-6.99
gubrf,9972692569,-1512412910.0,-15.0,-38.89
hekts,914837905,-4031326.0,-0.0,-0.01
kchol,13267655459,-397581757.0,-3.0,-4.32
kozal,6694267109,-547036476.0,-8.0,-1.95
kozaa,2187231829,-24055882.0,-1.0,-0.92
krdmd,5429307643,-36021863.0,-1.0,-0.15
odas,691408811,-6819677.0,-1.0,-0.05
petkm,2026806568,-7720309.0,-0.0,-0.06
pgsus,6743913938,69510327.0,1.0,2.48
sahol,8998410137,-186493572.0,-2.0,-1.6
sasa,8576157527,-1058692900.0,-12.0,-0.42
sise,3406741058,-318523078.0,-9.0,-3.2
tavhl,2111397260,37405373.0,2.0,3.95
tcell,7795071042,-290469051.0,-4.0,-3.6
thyao,33491656628,-833863370.0,-2.0,-6.93
toaso,4239669145,-190627520.0,-4.0,-8.42
tuprs,5427388830,-98639580.0,-2.0,-2.3
hisse,t_is_hac,t_p_akısı,i_hac_oranı,h_b_p_g
DSTKF,3183139211,-61477050.0,-2.0,-5.43
ISFIN,237353296,17070592.0,7.000000000000001,0.87
VAKFN,1194383416,-61353593.0,-5.0,-0.11
GARFA,176470263,-5456186.0,-3.0,-0.72
ULUFA,257373175,-8581099.0,-3.0,-0.12
LIDFA,569626544,-9645656.0,-2.0,-0.07
CRDFA,158747252,2688559.0,2.0,0.2
SEKFK,45666558,-5267934.0,-12.0,-0.84
TURSG,684880787,-5586264.0,-1.0,-0.13
ANSGR,706926778,26948457.0,4.0,3.38
raysg,412823284,-173480.0,-0.0,-0.1
hisse,t_is_hac,t_p_akısı,i_hac_oranı,h_b_p_g
akcns,391257102,1934107.0,0.0,0.71
bieny,782633987,-40251675.0,-5.0,-2.16
bobet,2128202238,-333317700.0,-16.0,-4.3
bsoke,1753501010,57832130.0,3.0,0.59
btcim,2221526046,108938801.0,5.0,0.24
bucim,156978939,-13157077.0,-8.0,-0.61
cimsa,2551204071,18831002.0,1.0,0.36
cmbtn,249520701,-20844013.0,-8.0,-179.73
dogub,35801848,-4726206.0,-13.0,-2.25
egser,43666925,1184667.0,3.0,0.09
golts,190981648,-6871490.0,-4.0,-12.6
klkim,209680754,-15152715.0,-7.000000000000001,-2.07
klser,164352742,-7889780.0,-5.0,-1.37
konya,330237515,3871578.0,1.0,62.66
kutpo,240052967,-20841488.0,-9.0,-7.29
lmkdc,488500517,-19910568.0,-4.0,-1.07
marbl,333389770,-28656983.0,-9.0,-1.32
nibas,343379385,-556135.0,-0.0,-0.03
nuhcm,182736164,-1389371.0,-1.0,-1.74
oyakc,1858659162,49022781.0,3.0,0.57
Quagr,1764409397,87153344.0,5.0,0.28
usak,2812972415,-23277162.0,-1.0,-0.04
afyon,131247547,-7134134.0,-5.0,-0.7
hisse,t_is_hac,t_p_akısı,i_hac_oranı,h_b_p_g
cvkmd,915199511,-16151649.0,-2.0,-0.21
ESCAR,328951174,-20816353.0,-6.0,-4.7
FLAP,392487034,27463242.0,7.000000000000001,0.73
FMIZP,157219816,4524664.0,3.0,8.44
BAGFS,285784369,-41779137.0,-15.0,-4.03
CEMTS,710403969,-24206424.0,-3.0,-0.39
ULUFA,257373175,-8581099.0,-3.0,-0.12
BANVT,271939322,-9163727.0,-3.0,-6.96
ADEL,533683650,-51382671.0,-10.0,-2.96
ANELE,398133604,-18507710.0,-5.0,-0.78
ESCOM,297213648,-11125138.0,-4.0,-0.11
DAPGM,1228331129,-77742336.0,-6.0,-0.57
KRGYO,884165490,-79518431.0,-9.0,-1.2
EUYO,51964949,4313081.0,8.0,0.85
LOGO,796531525,-107952414.0,-14.000000000000002,-19.45
OSMEN,126158648,-8904384.0,-7.000000000000001,-0.54
LRSHO,938638839,106974.0,0.0,0.0
DARDL,555919075,8435477.0,2.0,0.03
KARTN,210925154,521863.0,0.0,0.21
AFYON,131247547,-7134134.0,-5.0,-0.7
IZMDC,131859197,-9589899.0,-7.000000000000001,-0.37
NUGYO,298162539,22701858.0,8.0,0.57
BRLSM,243587245,-13479566.0,-6.0,-0.89
EDATA,111434060,-8281717.0,-7.000000000000001,-0.32
GOODY,161915342,10687731.0,7.000000000000001,1.1
INDES,147170046,-5587165.0,-4.0,-0.26
ENSRI,175216369,-7496570.0,-4.0,-0.81
PETUN,71876900,83267.0,0.0,0.01
ORGE,532652808,-46486836.0,-9.0,-7.06
PRZMA,59171416,16411404.0,28.000000000000004,3.53
ZRGYO,464253945,2947279.0,1.0,0.16
EMKEL,2939881183,-85844871.0,-3.0,-0.98
ALGYO,185564892,-7891789.0,-4.0,-0.79
MPARK,509339646,-7206219.0,-1.0,-4.66
ZPBDL,1257845109,-208251116.0,-17.0,-25.33
SNKRN,1720811735,0.0,0.0,0.0
TRGYO,392075905,-17317709.0,-4.0,-2.76
PAMEL,71936636,-2415669.0,-3.0,-2.81
BSOKE,1753501010,57832130.0,3.0,0.59
DERHL,9115881818,11710389.0,0.0,0.09
KERVN,894619972,0.0,0.0,0.0
KARYE,269398954,-41008598.0,-15.0,-4.11
KONKA,129673921,4420608.0,3.0,1.12
KRTEK,94190255,-11905470.0,-13.0,-3.31
SELEC,598120597,74543758.0,12.0,8.35
KRVGD,105612641,-1845475.0,-2.0,-0.04
cwene,458838865,15382193.0,3.0,0.51
TRILC,486691745,-25751789.0,-5.0,-1.19
GEDIK,63366071,-2768505.0,-4.0,-0.36
ALKIM,97087351,1186504.0,1.0,0.18
ISKPL,215409331,3500947.0,2.0,0.47
lidfa,569626544,-9645656.0,-2.0,-0.07
eksun,105794293,-9135261.0,-9.0,-0.47
RODRG,30965485,-2016132.0,-7.000000000000001,-1.07
RYGYO,464799026,23721774.0,5.0,0.67
POLHO,719660042,6241760.0,1.0,0.17
VKFYO,38502842,-2933333.0,-8.0,-1.32
EMNIS,1460882981,0.0,0.0,0.0
SEYKM,26323615,-2105266.0,-8.0,-0.23
ZPT10,102450323,-11662731.0,-11.0,-8.71
PNLSN,138406220,-12191527.0,-9.0,-2.78
GSDHO,231274847,-33076628.0,-14.000000000000002,-0.56
ARSAN,136693273,1323142.0,1.0,0.2
VAKKO,181071831,-22894412.0,-13.0,-7.17
OYLUM,43665651,4709173.0,11.0,0.79
KIMMR,306876516,6095315.0,2.0,0.25
DOKTA,142542378,-10923378.0,-8.0,-1.64
GMTAS,196982962,5216344.0,3.0,0.44
SNPAM,1803468432,0.0,0.0,0.0
IZFAS,969512862,189971483.0,20.0,21.82
KRDMA,1339854140,36861325.0,3.0,1.02
COSMO,54591792,-6664623.0,-12.0,-12.68
BIZIM,57062610,-6328352.0,-11.0,-2.8
MARKA,257252237,-8150539.0,-3.0,-1.59
ISBIR,1393160068,0.0,0.0,0.0
EUKYO,53513636,4450200.0,8.0,0.91
GSRAY,943325589,-48561830.0,-5.0,-0.09
KAREL,166718543,-15050126.0,-9.0,-0.75
VBTYZ,222720043,10989754.0,5.0,0.95
ULUSE,184916698,1391258.0,1.0,0.97
ISSEN,60695411,-4927943.0,-8.0,-0.63
PRKAB,85939581,-10625718.0,-12.0,-3.38
ISDMR,241743603,-5594371.0,-2.0,-0.8
TBORG,70849535,-3801982.0,-5.0,-9.25
DAGHL,347655096,-2657780.0,-1.0,-0.73
MAGEN,1926994438,25601127.0,1.0,0.45
MRSHL,128373950,-9061497.0,-7.000000000000001,-99.61
MERIT,127290919,-5111793.0,-4.0,-0.48
PAPIL,1970120716,-408627.0,-0.0,-0.01
HDFGS,1147713988,6376481.0,1.0,0.01
GENIL,848962719,-28427394.0,-3.0,-4.62
BJKAS,466841731,12879772.0,3.0,0.05
BLCYT,134024106,550984.0,0.0,0.07
YGYO,819825104,1249745.0,0.0,0.01
KLKIM,209680754,-15152715.0,-7.000000000000001,-2.07
IHGZT,337978105,-5091868.0,-2.0,-0.02
YBTAS,1804572937,0.0,0.0,0.0
RTALB,311143417,8499387.0,3.0,0.08
Z30KP,1900926181,-222798713.0,-12.0,-16.96
EGPRO,109488685,-4518216.0,-4.0,-0.85
UFUK,295820906,-53074599.0,-18.0,-150.79
BOSSA,159739940,14211757.0,9.0,0.55
GMSTR,939675434,10118415.0,1.0,2.79
DOBUR,667984614,7062341.0,1.0,3.71
GOZDE,128013297,-16556226.0,-13.0,-2.36
GLBMD,39402071,-1734040.0,-4.0,-0.46
PINSU,239298345,16986604.0,7.000000000000001,0.41
MMCAS,838237893,0.0,0.0,0.0
TUCLK,166672715,-5870017.0,-4.0,-0.32
RYSAS,244244019,-24877692.0,-10.0,-1.39
EUHOL,3121445741,20242131.0,1.0,0.07
TMPOL,78958937,-1227063.0,-2.0,-1.15
MERKO,347576875,-30351867.0,-9.0,-1.27
USDTR,558991372,48039881.0,9.0,312.06
KENT,2656712568,0.0,0.0,0.0
SARKY,95676972,-5737727.0,-6.0,-1.06
NATEN,2268478812,83348650.0,4.0,1.97
DESA,145938353,674578.0,0.0,0.04
SEKFK,45666558,-5267934.0,-12.0,-0.84
lider,802812893,-104289505.0,-13.0,-30.01
IHYAY,303230701,36720258.0,12.0,0.26
GSDDE,109285168,12196580.0,11.0,0.91
ACSEL,82197282,-2234016.0,-3.0,-2.82
SONME,98719627,2093699.0,2.0,2.24
KRSTL,245093161,-29391340.0,-12.0,-0.82
NETAS,136053125,-6162595.0,-5.0,-2.27
TDGYO,168188356,19000795.0,11.0,1.63
MTRYO,29043340,-2684047.0,-9.0,-0.6
INVEO,328875772,-7665049.0,-2.0,-0.15
BMSCH,63029258,1104770.0,2.0,0.2
HTTBT,132604807,-12233709.0,-9.0,-3.78
OZSUB,360951180,-8077972.0,-2.0,-0.56
SAFKR,522853813,-35768074.0,-7.000000000000001,-7.59
SAMAT,130795103,-12603492.0,-10.0,-1.68
DURDO,163292278,-2644159.0,-2.0,-0.05
VAKFN,1194383416,-61353593.0,-5.0,-0.11
ZGOLD,411801462,6071328.0,1.0,6.32
ATLAS,78570248,5363831.0,7.000000000000001,0.38
CEOEM,247698983,-52047448.0,-21.0,-5.89
IHLAS,974470141,-46473941.0,-5.0,-0.11
barma,172925933,-9007180.0,-5.0,-0.94
VERTU,80547234,-7225228.0,-9.0,-2.83
KATMR,1554639183,-185129656.0,-12.0,-0.21
DEVA,137543513,11295802.0,8.0,4.58
METRO,242247311,924467.0,0.0,0.01
CEMAS,3038755650,102266102.0,3.0,0.3
YGGYO,134711986,23378563.0,17.0,13.79
LINK,230756648,-26710129.0,-12.0,-61.14
KORDS,163054583,10218137.0,6.0,3.51
YAYLA,188378113,1234796.0,1.0,0.17
CRFSA,158395732,664816.0,0.0,0.34
VANGD,397526290,22973553.0,6.0,2.15
ISBTR,1824272849,0.0,0.0,0.0
IEYHO,444636553,-3825283.0,-1.0,-0.12
EGEPO,309835649,-3466313.0,-1.0,-0.08
PENTA,182088339,-10607036.0,-6.0,-0.78
FORMT,589086374,-4894611.0,-1.0,-0.03
BALAT,1484499363,0.0,0.0,0.0
SOKE,112712284,5760652.0,5.0,0.56
AGESA,243793170,14353897.0,6.0,8.3
AYES,901971429,0.0,0.0,0.0
GENTS,441012145,-9497838.0,-2.0,-0.48
KLMSN,158710243,-4366757.0,-3.0,-0.63
SELGD,97470671,2584521.0,3.0,1.42
ERBOS,83271231,-10721159.0,-13.0,-19.51
AKSUE,82779130,-6440049.0,-8.0,-1.49
INFO,396024029,-6165492.0,-2.0,-0.04
TEKTU,998742972,106047532.0,11.0,0.61
PRKME,78328770,-2989114.0,-4.0,-0.67
KARSN,356744835,-45948872.0,-13.0,-1.31
NTGAZ,351801925,-18130915.0,-5.0,-0.47
AVOD,138969033,74947.0,0.0,0.0
INVES,154709517,-4379038.0,-3.0,-6.3
BRKO,2543062179,0.0,0.0,0.0
RALYH,2264580725,-149320693.0,-7.000000000000001,-9.0
AKGRT,207037488,-7555948.0,-4.0,-0.22
tatgd,134308451,-14429380.0,-11.0,-1.3
MEGAP,1248779854,-3735166.0,-0.0,-0.01
KLSYN,109065277,475191.0,0.0,0.02
HLGYO,481709891,-794230.0,-0.0,-0.0
GARFA,176470263,-5456186.0,-3.0,-0.72
KZBGY,945281097,-4550403.0,-0.0,-0.05
YATAS,147387924,3191161.0,2.0,0.54
ELITE,374511031,-20533187.0,-5.0,-2.09
NUHCM,182736164,-1389371.0,-1.0,-1.74
ARZUM,365225883,43615620.0,12.0,0.51
SANEL,58243166,4437668.0,8.0,1.96
BEYAZ,226225507,-8307219.0,-4.0,-0.79
MEDTR,195420988,6963907.0,4.0,1.08
KNFRT,163954790,12344540.0,8.0,0.84
YONGA,713593363,0.0,0.0,0.0
BAKAB,188794348,-3171383.0,-2.0,-0.55
TLMAN,89718892,-3811598.0,-4.0,-3.5
INTEM,78713451,-3627755.0,-5.0,-8.83
CELHA,144203626,-5397581.0,-4.0,-0.77
ETYAT,78393517,8491420.0,11.0,1.28
SMART,107757630,-19719638.0,-18.0,-4.54
SAYAS,607710796,30576777.0,5.0,2.06
kayse,490353156,32706146.0,7.000000000000001,1.33
SEKUR,77060944,-7851009.0,-10.0,-1.57
FADE,95925244,-3195518.0,-3.0,-0.44
KFEIN,134637373,7136248.0,5.0,5.11
ZPLIB,5853188435,532618379.0,9.0,12.99
FONET,444485209,-3611359.0,-1.0,-0.11
PNSUT,109677509,806515.0,1.0,0.07
AYGAZ,284567446,10022149.0,4.0,4.45
DIRIT,2123743202,0.0,0.0,0.0
NIBAS,343379385,-556135.0,-0.0,-0.03
GEREL,917136411,25476779.0,3.0,0.3
alfas,847403889,-48816443.0,-6.0,-2.69
ATAGY,53433058,-6411907.0,-12.0,-1.41
MARTI,839400232,7573636.0,1.0,0.03
uluun,189133651,6732658.0,4.0,0.23
BNTAS,253308355,-11278378.0,-4.0,-0.31
ISFIN,237353296,17070592.0,7.000000000000001,0.87
ARENA,432975732,-36527506.0,-8.0,-2.98
TEZOL,411600857,-64512593.0,-16.0,-2.64
CLEBI,1415061192,-61366011.0,-4.0,-84.13
SRVGY,525011534,-58420045.0,-11.0,-0.28
AVTUR,46387634,-2192415.0,-5.0,-0.51
GLCVY,331186883,38807590.0,12.0,7.45
PENGD,171444964,-2540169.0,-1.0,-0.12
ALCTL,254656871,5263507.0,2.0,2.17
GLRYH,306685952,-6862629.0,-2.0,-0.07
BURVA,85582772,-3020702.0,-4.0,-3.73
HEDEF,307421239,11695053.0,4.0,0.31
GWIND,296543231,14940122.0,5.0,1.14
IHEVA,47108950,-4458640.0,-9.0,-0.2
Z30EA,150949994,-20163999.0,-13.0,-16.8
HURGZ,207803159,-5184647.0,-2.0,-0.15
AKYHO,107093964,8371440.0,8.0,0.25
KRDMB,278084568,2756904.0,1.0,0.22
IHAAS,676304845,21388570.0,3.0,0.8
AKENR,431091678,-18175209.0,-4.0,-0.46
MNDRS,334167474,3048980.0,1.0,0.1
ALCAR,203653626,-19602068.0,-10.0,-86.83
OZKGY,308499355,-33295398.0,-11.0,-1.1
ALKA,119470197,3228521.0,3.0,0.18
AKCNS,391257102,1934107.0,0.0,0.71
TSGYO,134963757,3791039.0,3.0,0.18
GRNYO,46501514,-4808922.0,-10.0,-0.9
MNDTR,119523416,-3086944.0,-3.0,-0.15
CRDFA,158747252,2688559.0,2.0,0.2
Z30KE,1307395358,123945845.0,9.0,9.36
KRONT,74866369,-8832269.0,-12.0,-2.04
PSGYO,833332228,28939200.0,3.0,0.06
OYAYO,77377256,1554190.0,2.0,0.52
KSTUR,3186718742,0.0,0.0,0.0
EDIP,361899238,-16832586.0,-5.0,-1.4
MERCN,247192168,-29408068.0,-12.0,-2.0
AKMGY,36209191,-3082115.0,-9.0,-16.46
FENER,3491089005,-152220701.0,-4.0,-2.05
KLGYO,654231987,131149795.0,20.0,0.94
ANSGR,706926778,26948457.0,4.0,3.38
conse,138689967,-13429953.0,-10.0,-0.28
EGSER,43666925,1184667.0,3.0,0.09
AYEN,59285141,1534215.0,3.0,0.64
PKART,261782765,-828908.0,-0.0,-0.23
SELVA,135662668,-12563341.0,-9.0,-0.17
AYDEM,143852975,-17278661.0,-12.0,-2.04
ISYAT,224078966,6277090.0,3.0,0.23
PARSN,145134618,4406015.0,3.0,2.45
SKTAS,166312405,18850396.0,11.0,0.57
PCILT,260053044,-16819180.0,-6.0,-0.86
YUNSA,72232109,-406795.0,-1.0,-0.03
BIOEN,253213082,-993527.0,-0.0,-0.08
DGNMO,69872173,-7594409.0,-11.0,-0.69
KTSKR,210539082,15594044.0,7.000000000000001,4.32
AYCES,102714116,-15235352.0,-15.0,-61.5
AGYO,72995876,-1298240.0,-2.0,-0.11
MANAS,174496710,-9596044.0,-5.0,-0.32
ANHYT,302329786,-17439786.0,-6.0,-4.31
ASUZU,388944334,-28652912.0,-7.000000000000001,-4.27
odas,691408811,-6819677.0,-1.0,-0.05
OSTIM,366415897,-11286178.0,-3.0,-0.13
MEPET,18607836,-2105862.0,-11.0,-0.92
MAALT,123697505,-16187514.0,-13.0,-88.99
MTRKS,159952329,3817934.0,2.0,0.46
FRIGO,188976290,-12743130.0,-7.000000000000001,-0.46
DERIM,297270314,18550481.0,6.0,2.46
IDGYO,74938764,6600621.0,9.0,0.27
ANGEN,132929996,4817704.0,4.0,0.4
DENGE,491598433,11679529.0,2.0,0.05
RNPOL,68288575,-2219525.0,-3.0,-1.03
DNISI,130203665,4730640.0,4.0,0.71
ORMA,1518376766,0.0,0.0,0.0
IPEKE,919036625,-41445449.0,-5.0,-2.75
BASGZ,209858776,-17450137.0,-8.0,-2.86
POLTK,157576690,-2903240.0,-2.0,-112.91
YAPRK,689558098,-28369974.0,-4.0,-11.75
ruzye,516316673,-10443790.0,-2.0,-0.18
ADESE,1958402797,131281127.0,7.000000000000001,0.29
CUSAN,72557243,-8169449.0,-11.0,-2.24
ZPX30,1598707887,36828712.0,2.0,3.15
TRCAS,220937716,18705601.0,8.0,2.26
PAGYO,194309272,-15671730.0,-8.0,-5.85
ETILR,1044148638,63510418.0,6.0,0.58
YESIL,761194174,51473250.0,7.000000000000001,0.1
SNGYO,430253350,-42879311.0,-10.0,-0.35
DGGYO,45998324,-3213066.0,-7.000000000000001,-2.27
SANFM,653529610,-74357026.0,-11.0,-2.23
ESEN,761953403,109810744.0,14.000000000000002,9.03
GLDTR,718892613,50635508.0,7.000000000000001,24.93
ORCAY,45058674,-5570214.0,-12.0,-0.96
BRISA,106475044,-2393676.0,-2.0,-1.68
KGYO,150814607,7900113.0,5.0,0.19
goknr,438574320,-9415220.0,-2.0,-0.53
EGGUB,796196766,30607383.0,4.0,3.07
AKSGY,144633539,-20328352.0,-14.000000000000002,-0.87
USAK,2812972415,-23277162.0,-1.0,-0.04
hubvc,35805913,10297173.0,28.999999999999996,0.49
JANTS,303690753,-19864869.0,-7.000000000000001,-1.37
DAGI,153469600,4202651.0,3.0,0.13
DYOBY,204563910,-18251603.0,-9.0,-1.2
DZGYO,120422274,-10251718.0,-9.0,-0.5
RAYSG,412823284,-173480.0,-0.0,-0.1
ERCB,137480836,-4649437.0,-3.0,-2.54
KAPLM,218158286,6270508.0,3.0,6.72
ICBCT,392226102,32218677.0,8.0,1.33
pehol,7242120399,666845545.0,9.0,1.39
VKING,38132644,297144.0,1.0,0.22
OYYAT,116335072,1718798.0,1.0,0.44
KUTPO,240052967,-20841488.0,-9.0,-7.29
HATEK,246736890,-44863227.0,-18.0,-5.1
TUREX,3870758039,-350091138.0,-9.0,-1.7
SUMAS,942231105,0.0,0.0,0.0
ARASE,241876456,23964393.0,10.0,4.72
BRMEN,700213777,0.0,0.0,0.0
LKMNH,96874184,-1133770.0,-1.0,-0.19
SANKO,49269787,-4061591.0,-8.0,-1.64
CMENT,1894554966,0.0,0.0,0.0
KUYAS,7363023116,249722327.0,3.0,1.81
ATSYH,1614515874,0.0,0.0,0.0
BRKSN,47250496,1447163.0,3.0,0.22
GLYHO,1739076023,1004756560.0,57.99999999999999,4.19
PSDTC,134956357,-11510982.0,-9.0,-8.56
OTTO,191556980,-11061239.0,-6.0,-21.98
EKIZ,843548974,0.0,0.0,0.0
GRSEL,976821928,-48609339.0,-5.0,-13.62
DMSAS,121990213,3495591.0,3.0,0.21
CASA,1740844568,0.0,0.0,0.0
TGSAS,114577686,6387249.0,6.0,4.29
DOCO,623469382,17664332.0,3.0,214.27
DESPC,151390487,6308662.0,4.0,2.2
OZRDN,31080848,-2908939.0,-9.0,-0.74
EPLAS,663745599,-5695796.0,-1.0,-0.05
AVGYO,31365528,-1691582.0,-5.0,-0.47
DGATE,275459800,13630518.0,5.0,3.51
BAYRK,934273924,-21657840.0,-2.0,-0.46
BASCM,762412390,0.0,0.0,0.0
YYAPI,1367916522,11436456.0,1.0,0.01
SNICA,121922682,1411007.0,1.0,0.04
BUCIM,156978939,-13157077.0,-8.0,-0.61
