hisse,t_is_hac,t_p_akısı,i_hac_oranı,h_b_p_g
altny,1903403271,86088565.0,5.0,3.51
asels,34695500657,4503418415.0,13.0,18.82
reedr,1306980482,-3985966.0,-0.0,-0.03
miatk,2430325593,112020175.0,5.0,1.6
sdttr,639490013,9916326.0,2.0,3.0
ingrm,141866711,305328.0,0.0,0.85
atatp,213666711,12454240.0,6.0,4.66
alctl,304413406,-5702987.0,-2.0,-1.92
karel,630307954,36169553.0,6.0,0.52
aztek,352789760,-15146972.0,-4.0,-1.72
httbt,278896690,-16845296.0,-6.0,-2.5
logo,912513366,-66372388.0,-7.000000000000001,-10.04
ardyz,482535123,8461906.0,2.0,0.45
indes,239591840,-11388071.0,-5.0,-0.33
mobtl,396583223,-42974570.0,-11.0,-0.81
penta,208137809,12752642.0,6.0,0.82
netas,315420806,14388812.0,5.0,2.45
arena,590479712,-25609387.0,-4.0,-2.02
escom,412895146,17465833.0,4.0,0.12
papil,5120972430,-111318358.0,-2.0,-0.89
forte,203387477,9834175.0,5.0,3.2
link,415642696,3735553.0,1.0,4.78
vbtyz,133596225,7537603.0,6.0,1.03
fonet,718375445,102750563.0,14.000000000000002,2.23
mtrks,194242376,3669935.0,2.0,0.4
edata,385291000,-9350934.0,-2.0,-0.11
kfein,295177620,-19610878.0,-7.000000000000001,-7.5
pkart,140839742,11722952.0,8.0,5.15
obase,119157921,9420487.0,8.0,2.49
kront,134042997,921727.0,1.0,0.12
smart,104403590,1788356.0,2.0,0.45
dgate,410767873,-21166705.0,-5.0,-3.65
despc,306543005,-11134185.0,-4.0,-1.78
manas,363113597,5104429.0,1.0,0.09
odine,1469923886,-2758384.0,-0.0,-0.15
patek,1953386441,-20878138.0,-1.0,-0.79
hisse,t_is_hac,t_p_akısı,i_hac_oranı,h_b_p_g
trgyo,702994131,26379006.0,4.0,2.29
ekgyo,10090116008,1671635199.0,17.0,2.03
zrgyo,471723315,56776387.0,12.0,2.99
srvgy,542058806,-349206.0,-0.0,-0.0
rygyo,616366514,27494026.0,4.0,0.62
isgyo,319211603,522591.0,0.0,0.02
basgz,435498147,-40578595.0,-9.0,-3.08
aksgy,203734094,4366320.0,2.0,0.13
ozkgy,293016943,17894275.0,6.0,0.63
dggyo,54400576,-853083.0,-2.0,-0.53
psgyo,664281363,-16437914.0,-2.0,-0.04
yggyo,115934600,10213707.0,9.0,6.59
akmgy,62734899,8298192.0,13.0,26.52
asgyo,180827595,5048707.0,3.0,0.28
hlgyo,432830515,-1997033.0,-0.0,-0.01
adgyo,175431941,6198563.0,4.0,1.03
akfgy,513285647,64645359.0,13.0,0.26
tsgyo,186160145,8804367.0,5.0,0.31
surgy,853200309,7149235.0,1.0,0.43
klgyo,432713785,37584927.0,9.0,0.39
algyo,128154098,-10675092.0,-8.0,-1.46
kzbgy,2795934188,-95746499.0,-3.0,-0.39
sngyo,503956030,-62196477.0,-12.0,-0.42
vkgyo,441743732,-27447106.0,-6.0,-0.12
pekgy,1310068233,177372143.0,14.000000000000002,0.19
fzlgy,1047419622,-231424356.0,-22.0,-7.75
begyo,2274337698,-295268096.0,-13.0,-2.55
segyo,792860049,27075018.0,3.0,0.14
pehol,5387079433,-1583905.0,-0.0,-0.0
nugyo,163586982,22638099.0,14.000000000000002,0.96
agyo,44000339,-2300963.0,-5.0,-0.32
dzgyo,511789360,-2747238.0,-1.0,-0.03
msgyo,128845508,-7324016.0,-6.0,-0.23
mrgyo,330145778,21235620.0,6.0,0.09
krgyo,938825729,-80383383.0,-9.0,-1.28
ozgyo,145965504,-3023160.0,-2.0,-0.11
kgyo,127360618,15204607.0,12.0,0.38
ygyo,754618574,921694.0,0.0,0.01
avgyo,47523470,-1701339.0,-4.0,-0.32
tdgyo,109596820,-16275358.0,-15.0,-2.14
atagy,59472597,6570645.0,11.0,1.19
idgyo,76824693,7754246.0,10.0,0.31
mhrgy,94864148,-3234997.0,-3.0,-0.16
avpgy,588186802,114398463.0,19.0,10.08
vrgyo,446363913,36951524.0,8.0,0.2
kzgyo,399703455,20220910.0,5.0,1.07
eygyo,115133079,-1286659.0,-1.0,-0.03
hisse,t_is_hac,t_p_akısı,i_hac_oranı,h_b_p_g
garan,13720088418,654083789.0,5.0,4.82
isctr,19414052364,1282320815.0,7.000000000000001,0.68
halkb,4331731752,116453355.0,3.0,0.54
vakbn,2826891577,124977235.0,4.0,0.97
akbnk,23400863790,275803534.0,1.0,0.58
skbnk,956991213,60215434.0,6.0,0.32
albrk,922708694,-125336154.0,-14.000000000000002,-0.85
ykbnk,28352494916,-2875535087.0,-10.0,-2.39
hisse,t_is_hac,t_p_akısı,i_hac_oranı,h_b_p_g
alark,2415714491,-49788293.0,-2.0,-1.81
arclk,1459921685,44818037.0,3.0,3.47
asels,34695500657,4503418415.0,13.0,18.82
astor,5208201596,162559892.0,3.0,2.97
bimas,15021156402,631504473.0,4.0,20.12
ekgyo,10090116008,1671635199.0,17.0,2.03
enkai,4912521188,601954560.0,12.0,7.94
eregl,20420261775,1709372784.0,8.0,1.97
froto,5490409046,-70174231.0,-1.0,-1.14
gubrf,4967301425,359728479.0,7.000000000000001,19.97
hekts,1180096887,99127943.0,8.0,0.26
kchol,25706021151,1664130223.0,6.0,8.96
kozal,5268563766,430847671.0,8.0,2.08
kozaa,2167396794,83076719.0,4.0,3.34
krdmd,5099247228,445027038.0,9.0,2.05
odas,1054597705,63071987.0,6.0,0.29
petkm,4242132599,457670686.0,11.0,1.76
pgsus,8564110930,718612941.0,8.0,19.63
sahol,10633841238,196322713.0,2.0,1.36
sasa,9736130523,-506616772.0,-5.0,-0.2
sise,4228479865,146230084.0,3.0,1.16
tavhl,3245372099,217530436.0,7.000000000000001,15.14
tcell,7991701454,496487711.0,6.0,5.52
thyao,31976922784,43605742.0,0.0,0.39
toaso,8377625596,861085439.0,10.0,20.73
tuprs,16146723355,1280166870.0,8.0,9.97
hisse,t_is_hac,t_p_akısı,i_hac_oranı,h_b_p_g
tezol,467963848,63781442.0,14.000000000000002,2.24
a1cap,209460707,7810137.0,4.0,0.19
adgyo,175431941,6198563.0,4.0,1.03
agrot,2693386983,166532742.0,6.0,0.53
ahgaz,570500657,54244544.0,10.0,2.07
akfye,394962726,19426039.0,5.0,0.86
alfas,709382047,41604551.0,6.0,2.72
asgyo,180827595,5048707.0,3.0,0.28
atakp,150616207,13915823.0,9.0,3.86
astor,5208201596,162559892.0,3.0,2.97
aztek,352789760,-15146972.0,-4.0,-1.72
barma,219707898,-3462964.0,-2.0,-0.3
begyo,2274337698,-295268096.0,-13.0,-2.55
bieny,741445867,16216657.0,2.0,0.87
bigch,223510251,-32982480.0,-15.0,-3.64
binho,4865496975,612429412.0,13.0,41.28
bmstl,823638048,-12971496.0,-2.0,-0.73
borls,658070508,-6835842.0,-1.0,-1.11
brkvy,1284303621,-6073994.0,-0.0,-0.34
bvsan,472592471,10673491.0,2.0,2.31
bydnr,98346554,966746.0,1.0,0.21
cates,161491117,-4176506.0,-3.0,-0.73
conse,201949477,3388652.0,2.0,0.05
cvkmd,4152308235,163866407.0,4.0,0.52
cwene,1010008998,54536899.0,5.0,0.88
dapgm,672580357,-37155559.0,-6.0,-0.45
dmrgd,799324874,-77582871.0,-10.0,-1.86
dofer,281297696,17054844.0,6.0,1.83
ebebk,88991124,1398028.0,2.0,0.69
ekos,230712464,9354895.0,4.0,0.91
eksun,198224708,4810836.0,2.0,0.13
enery,1251327282,-1983253.0,-0.0,-0.01
ensri,166870138,6843266.0,4.0,0.8
eupwr,538723984,7442600.0,1.0,0.34
euren,4298847861,537959708.0,13.0,0.74
eygyo,115133079,-1286659.0,-1.0,-0.03
forte,203387477,9834175.0,5.0,3.2
fzlgy,1047419622,-231424356.0,-22.0,-7.75
gipta,863409739,78722260.0,9.0,6.93
goknr,834378380,1857819.0,0.0,0.06
grsel,1642259116,-45775110.0,-3.0,-8.59
gznmi,818688751,53429362.0,7.000000000000001,12.2
hatsn,565636179,-12287918.0,-2.0,-0.89
hktm,1042206608,-103040701.0,-10.0,-1.22
httbt,278896690,-16845296.0,-6.0,-2.5
imasm,796389226,61026527.0,8.0,0.23
inves,127364462,-14536675.0,-11.0,-24.46
izenr,711577192,6244503.0,1.0,0.05
kayse,196065781,-64475.0,-0.0,-0.01
kcaer,952006771,5049406.0,1.0,0.07
klrho,497479314,62486023.0,13.0,3.52
klser,234390350,-4787384.0,-2.0,-0.58
klsyn,116907579,8939260.0,8.0,0.39
kmpur,174846861,-23176680.0,-13.0,-2.02
kopol,386430979,9373493.0,2.0,0.13
krpls,61805630,1403465.0,2.0,0.15
ktlev,5517998949,-170657738.0,-3.0,-2.75
kzgyo,399703455,20220910.0,5.0,1.07
lider,353616791,15826832.0,4.0,8.88
macko,320037215,42549982.0,13.0,5.07
makim,97258967,-7116362.0,-7.000000000000001,-1.18
marbl,449125097,-11723264.0,-3.0,-0.37
mekag,397426393,-58338826.0,-15.0,-6.68
mhrgy,94864148,-3234997.0,-3.0,-0.16
obase,119157921,9420487.0,8.0,2.49
ofsym,261841617,3303570.0,1.0,0.5
oncsm,408102488,-5337766.0,-1.0,-1.19
ozsub,248003022,7741115.0,3.0,0.74
paseu,1612100442,69917311.0,4.0,2.84
pcilt,193084229,-17292529.0,-9.0,-1.12
pltur,637626658,71063377.0,11.0,2.94
pnlsn,112624302,3244679.0,3.0,0.97
prdgs,1078431695,97997895.0,9.0,0.53
psgyo,664281363,-16437914.0,-2.0,-0.04
reedr,1306980482,-3985966.0,-0.0,-0.03
rnpol,81597724,4026899.0,5.0,1.66
rubns,322380768,-18274490.0,-6.0,-1.27
sdttr,639490013,9916326.0,2.0,3.0
segyo,792860049,27075018.0,3.0,0.14
skymd,600339043,-15142161.0,-3.0,-0.27
smrtg,347989101,6609058.0,2.0,0.57
snica,305389841,51293515.0,17.0,0.65
soke,142704406,-2523428.0,-2.0,-0.19
suntk,906202569,38871647.0,4.0,1.69
suwen,1209739722,28811686.0,2.0,0.28
tabgd,1302005809,54481299.0,4.0,7.31
tarkm,283853585,238825.0,0.0,0.3
taten,423236948,182589.0,0.0,0.02
tera,5548586139,55472359.0,1.0,1.19
tnztp,133688902,11228390.0,8.0,2.93
vrgyo,446363913,36951524.0,8.0,0.2
yylgd,967347550,57716109.0,6.0,0.62
patek,1953386441,-20878138.0,-1.0,-0.79
OBAMS,2651743509,-14545556.0,-1.0,-0.45
LMKDC,650850402,910122.0,0.0,0.04
hisse,t_is_hac,t_p_akısı,i_hac_oranı,h_b_p_g
hubvc,41096156,17797578.0,43.0,0.74
tatgd,126151945,-4391639.0,-3.0,-0.41
odas,1054597705,63071987.0,6.0,0.29
cwene,1010008998,54536899.0,5.0,0.88
uluun,179023257,2354593.0,1.0,0.08
AYDEM,176083779,-3032492.0,-2.0,-0.28
conse,201949477,3388652.0,2.0,0.05
ASELS,34695500657,4503418415.0,13.0,18.82
TUPRS,16146949820,1279940405.0,8.0,9.97
KCHOL,25706065919,1664130223.0,6.0,8.96
ARCLK,1459921685,44818037.0,3.0,3.47
EREGL,20420261775,1709372784.0,8.0,1.97
KRDMD,5099247228,445027038.0,9.0,2.05
SAHOL,10633841238,196322713.0,2.0,1.36
SASA,9736131517,-506616772.0,-5.0,-0.2
ENJSA,1423936096,20278433.0,1.0,0.78
AKSA,635053114,12208541.0,2.0,0.18
HEKTS,1180096887,99127943.0,8.0,0.26
TKFEN,6153671104,207168002.0,3.0,4.35
SISE,4228479865,146230084.0,3.0,1.16
EKGYO,10090116008,1671635199.0,17.0,2.03
SOKE,142704406,-2523428.0,-2.0,-0.19
KLKIM,686352967,-1167048.0,-0.0,-0.05
MEPET,27110759,-2179875.0,-8.0,-0.67
BJKAS,1629751260,-108688732.0,-7.000000000000001,-0.13
TUREX,11965964470,-2007237794.0,-17.0,-7.8
ALGYO,128154098,-10675092.0,-8.0,-1.46
GMSTR,1102298780,-18028935.0,-2.0,-4.19
KUYAS,2230838045,379023992.0,17.0,6.72
ISGYO,319211603,522591.0,0.0,0.02
SELEC,870845640,129828305.0,15.0,10.17
KRONT,134042997,921727.0,1.0,0.12
USDTR,513960038,34945282.0,7.000000000000001,244.65
ISFIN,310924391,-3901108.0,-1.0,-0.16
BAGFS,650958010,20994094.0,3.0,0.88
SARKY,115684336,-4056782.0,-4.0,-0.66
ASTOR,5208201596,162559892.0,3.0,2.97
BTCIM,3958042270,224291729.0,6.0,0.31
LKMNH,146136814,675440.0,0.0,0.07
ERBOS,90658266,5332949.0,6.0,9.45
RAYSG,1066742739,61318608.0,6.0,13.63
DMSAS,205807223,-2779503.0,-1.0,-0.1
KZBGY,2795934188,-95746499.0,-3.0,-0.39
YATAS,184880489,12882690.0,7.000000000000001,1.7
DOCO,1189814245,10173218.0,1.0,58.97
ESCOM,412895146,17465833.0,4.0,0.12
OZSUB,248003022,7741115.0,3.0,0.74
KLMSN,116421788,-9023053.0,-8.0,-1.84
SUMAS,974259228,0.0,0.0,0.0
KARTN,120638022,7352124.0,6.0,4.91
IPEKE,1089243548,64368797.0,6.0,3.99
DOBUR,655965242,-18205964.0,-3.0,-7.86
SAFKR,809948267,38269435.0,5.0,5.23
HTTBT,278896690,-16845296.0,-6.0,-2.5
SONME,90598315,95978.0,0.0,0.11
FROTO,5490409046,-70174231.0,-1.0,-1.14
EMKEL,1091183080,127967303.0,12.0,3.12
RYGYO,616366514,27494026.0,4.0,0.62
LOGO,912513366,-66372388.0,-7.000000000000001,-10.04
KOZAL,5268563766,430847671.0,8.0,2.08
ALCTL,304413406,-5702987.0,-2.0,-1.92
DIRIT,2074692898,0.0,0.0,0.0
EUHOL,2953325738,20501233.0,1.0,0.07
MIATK,2430325593,112020175.0,5.0,1.6
OSTIM,626147677,-36207250.0,-6.0,-0.26
GSDDE,159831632,19787275.0,12.0,1.07
AVTUR,59685422,4497420.0,8.0,0.83
ORGE,619296825,-6426180.0,-1.0,-1.08
QUAGR,1245878545,-43729651.0,-4.0,-0.19
TEZOL,467963848,63781442.0,14.000000000000002,2.24
KTSKR,159080677,-2957649.0,-2.0,-1.06
AGESA,589253961,-425344.0,-0.0,-0.1
TTRAK,755355454,-90960792.0,-12.0,-70.84
BIOEN,610425027,90844299.0,15.0,2.87
MTRYO,27924565,-2728776.0,-10.0,-0.62
KLGYO,432713785,37584927.0,9.0,0.39
JANTS,353095209,-2025387.0,-1.0,-0.13
ANSGR,703437713,22435259.0,3.0,2.85
EGSER,42960098,662078.0,2.0,0.05
BRKO,2494454207,0.0,0.0,0.0
MAALT,135036131,-8683256.0,-6.0,-46.23
SAMAT,198691841,12807078.0,6.0,1.17
KNFRT,123178956,-14489813.0,-12.0,-1.23
Z30KP,1548150558,11964141.0,1.0,1.11
BRMEN,696504316,0.0,0.0,0.0
DENGE,309548393,886309.0,0.0,0.01
GEREL,276187105,20460655.0,7.000000000000001,0.67
ETYAT,42830260,3063126.0,7.000000000000001,0.7
cvkmd,4152308235,163866407.0,4.0,0.52
PGSUS,8564110930,718612941.0,8.0,19.63
PSGYO,664281363,-16437914.0,-2.0,-0.04
CEMAS,1946779039,102266102.0,5.0,0.48
ADESE,2054862233,17713183.0,1.0,0.02
SANKO,94034326,-64826.0,-0.0,-0.01
ANHYT,428302342,-14799267.0,-3.0,-2.69
PNLSN,112624302,3244679.0,3.0,0.97
GENIL,589872208,-12125811.0,-2.0,-2.54
ZOREN,710884368,-2501045.0,-0.0,-0.01
CMENT,2001716319,0.0,0.0,0.0
BOSSA,136894063,5613618.0,4.0,0.25
SRVGY,542058806,-349206.0,-0.0,-0.0
VANGD,199209725,-6967018.0,-3.0,-1.11
PRKAB,97559694,-1841753.0,-2.0,-0.5
ARASE,128729248,22386613.0,17.0,7.41
PRKME,116636065,3991750.0,3.0,0.61
KFEIN,295177620,-19610878.0,-7.000000000000001,-7.5
AGYO,44000339,-2300963.0,-5.0,-0.32
KRDMB,153128801,14420027.0,9.0,2.07
GRSEL,1642259116,-45775110.0,-3.0,-8.59
FONET,718375445,102750563.0,14.000000000000002,2.23
HATEK,87181190,1116684.0,1.0,0.32
ZPLIB,7677103500,760620775.0,10.0,13.05
ORMA,1658158413,0.0,0.0,0.0
DGATE,410767873,-21166705.0,-5.0,-3.65
VERTU,233789384,4661291.0,2.0,0.68
IDGYO,76824693,7754246.0,10.0,0.31
CCOLA,1576490024,-38854143.0,-2.0,-1.24
TRCAS,384322749,21236685.0,6.0,1.56
BNTAS,991227523,-14671755.0,-1.0,-0.11
DESPC,306543005,-11134185.0,-4.0,-1.78
KONYA,364189832,-22712860.0,-6.0,-362.44
BAYRK,436408910,26853802.0,6.0,1.14
INFO,123866406,5424951.0,4.0,0.09
SAYAS,811804879,52936296.0,7.000000000000001,2.33
MTRKS,194242376,3669935.0,2.0,0.4
GLYHO,805499246,44466682.0,6.0,0.41
FLAP,98496069,2056079.0,2.0,0.16
ODAS,1054597705,63071987.0,6.0,0.29
BRLSM,714674310,24758845.0,3.0,0.63
GLRYH,292593594,1450471.0,0.0,0.02
PSDTC,52634312,-3398360.0,-6.0,-4.78
ATAGY,59472597,6570645.0,11.0,1.19
Z30EA,178755062,-20128958.0,-11.0,-14.38
EGGUB,574035986,-23819473.0,-4.0,-3.02
ERCB,183583560,5729935.0,3.0,2.45
AKSGY,203734094,4366320.0,2.0,0.13
EGEEN,1658730292,-4109782.0,-0.0,-22.4
OYAYO,40194859,-2253113.0,-6.0,-1.33
ECZYT,321708533,67570216.0,21.0,39.59
SEKFK,49388036,1104672.0,2.0,0.16
DAGI,227517546,-14885162.0,-7.000000000000001,-0.34
KERVN,902271421,0.0,0.0,0.0
SKTAS,286160194,25686320.0,9.0,0.46
DURDO,82052592,1904550.0,2.0,0.08
INDES,239591840,-11388071.0,-5.0,-0.33
YGYO,754618574,921694.0,0.0,0.01
NATEN,860662608,37226373.0,4.0,1.97
SMART,104403590,1788356.0,2.0,0.45
KIMMR,300184696,14595606.0,5.0,0.49
TUKAS,1443665137,-9363573.0,-1.0,-0.02
ENSRI,166870138,6843266.0,4.0,0.8
PAMEL,269011449,5778218.0,2.0,1.89
ZPX30,3702554063,272862047.0,7.000000000000001,9.81
VAKFN,677661489,47636889.0,7.000000000000001,0.16
POLHO,1145776410,-6481990.0,-1.0,-0.1
EMNIS,1462149046,0.0,0.0,0.0
BERA,471857875,4761952.0,1.0,0.15
DYOBY,377511231,-25038759.0,-7.000000000000001,-0.99
TRILC,390667564,9175460.0,2.0,0.46
ECILC,763087308,37039830.0,5.0,2.29
KARSN,808008807,6884156.0,1.0,0.09
LINK,415642696,3735553.0,1.0,4.78
MERCN,618089864,-35980004.0,-6.0,-1.09
AKGRT,289732860,-4924248.0,-2.0,-0.1
YESIL,114855869,138253.0,0.0,0.0
HDFGS,975345886,13411254.0,1.0,0.02
ELITE,628478339,16737907.0,3.0,1.16
Z30KE,1269792414,115847197.0,9.0,8.95
INTEM,92328022,605962.0,1.0,1.29
MAGEN,470128268,38384433.0,8.0,2.24
CLEBI,889176560,-1170555.0,-0.0,-3.23
AKMGY,62734899,8298192.0,13.0,26.52
YONGA,722148406,0.0,0.0,0.0
HURGZ,195024336,38311723.0,20.0,1.05
AKSUE,253392336,-1633955.0,-1.0,-0.15
EGPRO,103104022,-3260503.0,-3.0,-0.73
TMPOL,445123000,-40281161.0,-9.0,-8.15
DOKTA,212277384,3105337.0,1.0,0.33
BASGZ,435498147,-40578595.0,-9.0,-3.08
ADEL,927751487,29807309.0,3.0,1.01
PETUN,235146595,14584070.0,6.0,0.58
BEYAZ,260862465,13091797.0,5.0,1.15
ISSEN,47225409,2168381.0,5.0,0.35
PCILT,193084229,-17292529.0,-9.0,-1.12
ULUFA,550972785,17218295.0,3.0,0.52
AFYON,221692202,10687574.0,5.0,0.65
KOZAA,2167396794,83076719.0,4.0,3.34
EGEPO,352944417,-20534901.0,-6.0,-0.43
EKIZ,905533606,0.0,0.0,0.0
BRISA,154375277,-15676137.0,-10.0,-8.21
KORDS,189944831,-5672695.0,-3.0,-1.65
BRSAN,1185097504,-27073072.0,-2.0,-8.2
ENKAI,4912521188,601954560.0,12.0,7.94
ISYAT,218692980,-6945067.0,-3.0,-0.26
KAREL,630307954,36169553.0,6.0,0.52
IZFAS,2141156397,-651178954.0,-30.0,-25.45
SEKUR,243955318,-9970828.0,-4.0,-0.78
KUTPO,611063583,49725882.0,8.0,6.64
EUYO,57206205,1881136.0,3.0,0.34
MGROS,4363285698,235100300.0,5.0,27.05
MMCAS,831340071,0.0,0.0,0.0
AYGAZ,540073117,-789889.0,-0.0,-0.19
MERIT,243225741,12592576.0,5.0,0.63
LRSHO,3552212636,-73338288.0,-2.0,-0.08
TBORG,125609113,6941376.0,6.0,9.52
DERHL,1782379787,6992274.0,0.0,0.61
ORCAY,60842013,-3515365.0,-6.0,-0.47
FRIGO,160103255,-13893213.0,-9.0,-0.61
TLMAN,98152227,-8053064.0,-8.0,-6.51
TTKOM,6474876261,588661004.0,9.0,5.04
SNKRN,1610379475,0.0,0.0,0.0
EDIP,1912965426,187911028.0,10.0,3.49
RYSAS,642600771,28425509.0,4.0,0.7
IHLAS,2201427605,21906749.0,1.0,0.02
PAPIL,5120972430,-111318358.0,-2.0,-0.89
MEDTR,111302020,2749610.0,2.0,0.79
ARENA,590479712,-25609387.0,-4.0,-2.02
GOODY,341440976,-2979076.0,-1.0,-0.15
EPLAS,142823257,-1879028.0,-1.0,-0.07
GENTS,1128679025,5782205.0,1.0,0.13
NETAS,315420806,14388812.0,5.0,2.45
ARSAN,144801429,-15671123.0,-11.0,-2.16
HLGYO,432830515,-1997033.0,-0.0,-0.01
TCELL,7991701454,496487711.0,6.0,5.52
OTTO,146847418,-6654262.0,-5.0,-16.86
ANELE,122502703,-4164241.0,-3.0,-0.55
EUKYO,62248186,3915768.0,6.0,0.71
YGGYO,115934600,10213707.0,9.0,6.59
DAPGM,672580357,-37155559.0,-6.0,-0.45
AYEN,75279204,6122211.0,8.0,2.09
AYCES,131255644,-11990346.0,-9.0,-39.51
PKART,140839742,11722952.0,8.0,5.15
KLSYN,116907579,8939260.0,8.0,0.39
IHEVA,52043308,-1984558.0,-4.0,-0.08
GUBRF,4967329350,359700554.0,7.000000000000001,19.97
DGGYO,54400576,-853083.0,-2.0,-0.53
DZGYO,511789360,-2747238.0,-1.0,-0.03
ULKER,3189695039,172451821.0,5.0,5.97
NTGAZ,1002078248,65438759.0,7.000000000000001,0.59
CRDFA,505846042,1026801.0,0.0,0.02
BSOKE,1843317883,-327906.0,-0.0,-0.0
VBTYZ,133596225,7537603.0,6.0,1.03
YEOTK,1024206118,49630707.0,5.0,2.05
BANVT,464211562,-11583810.0,-2.0,-5.4
AVOD,136641837,-110313.0,-0.0,-0.0
PAGYO,90230232,3902789.0,4.0,2.76
DAGHL,727249584,-26937034.0,-4.0,-3.49
ALARK,2415714491,-49788293.0,-2.0,-1.81
ICBCT,239552380,7674763.0,3.0,0.41
ARZUM,179693262,54019.0,0.0,0.0
NUGYO,163586982,22638099.0,14.000000000000002,0.96
IZMDC,112288492,7826088.0,7.000000000000001,0.35
GLBMD,69240173,298884.0,0.0,0.05
MAVI,1627474273,59712322.0,4.0,1.22
OYYAT,64856109,173668.0,0.0,0.07
PRZMA,75706898,14034039.0,19.0,2.25
DERIM,302524829,12969436.0,4.0,1.62
MNDRS,177906353,13448529.0,8.0,0.71
IHGZT,409566892,41824400.0,10.0,0.14
AVGYO,47523470,-1701339.0,-4.0,-0.32
GWIND,314354501,11158810.0,4.0,0.84
MPARK,1027293340,65848252.0,6.0,21.32
ARDYZ,482535123,8461906.0,2.0,0.45
HEDEF,310853693,16652101.0,5.0,0.45
COSMO,84070820,3365172.0,4.0,4.43
PEKGY,1310068233,177372143.0,14.000000000000002,0.19
KONTR,1949739518,-67564757.0,-3.0,-0.9
ESCAR,560929464,26688240.0,5.0,3.38
OSMEN,316549569,-11329855.0,-4.0,-0.31
IHYAY,181533721,7194013.0,4.0,0.08
TDGYO,109596820,-16275358.0,-15.0,-2.14
ANGEN,215160065,-4805535.0,-2.0,-0.25
SNPAM,1950392650,0.0,0.0,0.0
EDATA,385291000,-9350934.0,-2.0,-0.11
DESA,211452030,-30357558.0,-14.000000000000002,-1.27
PENTA,208137809,12752642.0,6.0,0.82
SNGYO,503956030,-62196477.0,-12.0,-0.42
GRNYO,70673285,-6498024.0,-9.0,-0.84
GLDTR,649356358,12624471.0,2.0,6.93
BAKAB,110338585,8039749.0,7.000000000000001,2.27
ISBTR,1788159153,0.0,0.0,0.0
TOASO,8377625596,861085439.0,10.0,20.73
BURVA,68131801,-1794350.0,-3.0,-2.65
KRVGD,166881099,128637.0,0.0,0.0
AEFES,4236470843,-16729036.0,-0.0,-0.6
SELVA,141424088,786736.0,1.0,0.01
INVES,127364462,-14536675.0,-11.0,-24.46
ZGOLD,544915855,10139384.0,2.0,8.05
AGHOL,706910962,-36591852.0,-5.0,-14.05
NIBAS,1248569776,33152396.0,3.0,0.53
INVEO,80466337,4047179.0,5.0,0.3
AKYHO,73540059,-4805720.0,-7.000000000000001,-0.21
KRDMA,819008045,172426299.0,21.0,8.21
GOZDE,203691503,4872660.0,2.0,0.43
KRSTL,386349559,23471079.0,6.0,0.44
TAVHL,3245372099,217530436.0,7.000000000000001,15.14
KATMR,1365467816,125580658.0,9.0,0.14
KONKA,353576377,11652348.0,3.0,1.17
OZKGY,293016943,17894275.0,6.0,0.63
DGNMO,84693922,-4797924.0,-6.0,-0.38
VKFYO,86880544,-18026490.0,-21.0,-3.79
USAK,5459211871,-23204769.0,-0.0,-0.03
GARFA,951344286,-14907446.0,-2.0,-0.48
YAPRK,3947380168,-464567173.0,-12.0,-45.92
AKSEN,535765189,40046055.0,7.000000000000001,2.37
YAYLA,107586785,-1064271.0,-1.0,-0.21
SANFM,730129341,93425277.0,13.0,3.8
VAKKO,174073537,2546623.0,1.0,0.92
BFREN,1266358700,83443691.0,7.000000000000001,13.0
SNICA,305389841,51293515.0,17.0,0.65
RALYH,827377466,-672803.0,-0.0,-0.1
GLCVY,621541720,-25226797.0,-4.0,-2.64
SMRTG,347989101,6609058.0,2.0,0.57
GEDIK,61279316,3771840.0,6.0,0.49
PINSU,74567425,-1156100.0,-2.0,-0.09
DOAS,1995380522,96693873.0,5.0,9.76
ISDMR,368702644,26664349.0,7.000000000000001,2.46
DEVA,163725872,23102409.0,14.000000000000002,8.29
GSRAY,1976437614,-124495252.0,-6.0,-0.13
OYAKC,3445995355,-51132928.0,-1.0,-0.33
ISBIR,1499523268,0.0,0.0,0.0
TURSG,670191487,48099629.0,7.000000000000001,1.24
KAPLM,259211680,5598901.0,2.0,4.33
SELGD,165003180,-11409692.0,-7.000000000000001,-3.64
ZPBDL,1376843458,-132586354.0,-10.0,-14.73
FENER,3850260654,210131911.0,5.0,2.59
GESAN,533036790,13604679.0,3.0,1.03
BIZIM,53240196,-2217115.0,-4.0,-1.07
VESTL,1335005655,-33613163.0,-3.0,-1.03
KRGYO,938825729,-80383383.0,-9.0,-1.28
OTKAR,1515263003,37325916.0,2.0,9.46
GOLTS,323044915,-21818378.0,-7.000000000000001,-25.36
RTALB,822836487,75705849.0,9.0,0.29
FADE,100873681,-3083864.0,-3.0,-0.43
MANAS,363113597,5104429.0,1.0,0.09
BLCYT,86551779,-3598332.0,-4.0,-0.63
OYLUM,50187930,-874772.0,-2.0,-0.12
ruzye,190495980,-13726741.0,-7.000000000000001,-0.71
ALKIM,102271987,13530005.0,13.0,1.97
TSGYO,186160145,8804367.0,5.0,0.31
TMSN,299577074,18689433.0,6.0,5.24
AKFGY,513285647,64645359.0,13.0,0.26
ISKPL,302336415,50374816.0,17.0,4.18
SOKM,1157402083,22475093.0,2.0,0.74
VESBE,269230710,-861582.0,-0.0,-0.04
GMTAS,203676387,-20932833.0,-10.0,-1.36
PNSUT,250695392,-14905844.0,-6.0,-0.56
TGSAS,105994434,-4366425.0,-4.0,-2.73
CRFSA,102722021,5409529.0,5.0,4.11
ETILR,344991926,-2816725.0,-1.0,-0.08
SANEL,44514017,1638112.0,4.0,0.92
RODRG,27185538,-1309094.0,-5.0,-0.78
MEGAP,1209476291,-7028065.0,-1.0,-0.02
FMIZP,220561786,3707232.0,2.0,5.28
RNPOL,81597724,4026899.0,5.0,1.66
ZRGYO,471723315,56776387.0,12.0,2.99
BUCIM,186662198,14471997.0,8.0,0.59
IEYHO,4913501579,385208799.0,8.0,1.13
TSKB,1182262562,44758684.0,4.0,0.4
ALKA,127286898,5527436.0,4.0,0.29
BALAT,1499987701,0.0,0.0,0.0
CEOEM,387762591,-68294604.0,-18.0,-5.4
ALCAR,282376397,429199.0,0.0,1.59
UFUK,256380308,5606528.0,2.0,17.13
ESEN,394293658,46762591.0,12.0,5.12
KARYE,927690701,-93028445.0,-10.0,-3.04
MRSHL,362660170,-951648.0,-0.0,-3.9
AKCNS,271016133,37346600.0,14.000000000000002,20.0
METRO,189485614,5410200.0,3.0,0.07
ATLAS,41494402,6272363.0,15.0,0.77
DOHOL,1652227126,-94035236.0,-6.0,-0.85
TRGYO,702994131,26379006.0,4.0,2.29
ISMEN,1059272436,55731421.0,5.0,1.91
FORMT,2956255771,-123698448.0,-4.0,-0.3
OZRDN,27883274,-2454635.0,-9.0,-0.72
DARDL,158576014,-4367608.0,-3.0,-0.13
CUSAN,81738996,-921631.0,-1.0,-0.24
IHAAS,172290022,5082558.0,3.0,0.58
KGYO,127360618,15204607.0,12.0,0.38
KRTEK,177829474,-1351523.0,-1.0,-0.21
PARSN,335895084,11660549.0,3.0,3.01
PENGD,329444732,7123389.0,2.0,0.17
BIMAS,15021156402,631504473.0,4.0,20.12
VKING,39586000,-3713900.0,-9.0,-2.6
CANTE,1684582749,172748437.0,10.0,0.17
CASA,1770436472,0.0,0.0,0.0
KENT,2806397717,0.0,0.0,0.0
DNISI,245994426,12464967.0,5.0,1.1
PETKM,4242132599,457670686.0,11.0,1.76
SEYKM,37913887,449594.0,1.0,0.04
AYES,942642703,0.0,0.0,0.0
ZPT10,103289483,-12356677.0,-12.0,-9.11
MNDTR,76454942,4764175.0,6.0,0.33
CELHA,212622257,19063912.0,9.0,1.89
MARTI,354913643,17863878.0,5.0,0.14
KSTUR,3234040996,0.0,0.0,0.0
BRYAT,854690412,-44624292.0,-5.0,-105.55
NUHCM,226077959,1623383.0,1.0,1.75
ATSYH,1599141491,0.0,0.0,0.0
ACSEL,112607204,-6067897.0,-5.0,-5.96
TEKTU,522098206,63786610.0,12.0,0.53
YUNSA,77235549,-2690910.0,-3.0,-0.19
ASUZU,173848485,9413419.0,5.0,3.05
BRKSN,37419083,401241.0,1.0,0.23
YYAPI,228791358,-5184933.0,-2.0,-0.03
CEMTS,1793059708,-144269533.0,-8.0,-1.3
BASCM,795263823,0.0,0.0,0.0
ULUSE,136147139,-1017323.0,-1.0,-0.97
GSDHO,389915256,15461468.0,4.0,0.17
POLTK,210959028,-22405235.0,-11.0,-672.37
BMSCH,47879042,-4374249.0,-9.0,-1.07
YBTAS,1731601254,0.0,0.0,0.0
MERKO,619498614,-28464328.0,-5.0,-0.74
TUCLK,184759364,-16811763.0,-9.0,-0.84
AKENR,3111469886,385740212.0,12.0,1.48
MARKA,315667094,-2631861.0,-1.0,-0.45
barma,219707898,-3462964.0,-2.0,-0.3
alfas,709382047,41604551.0,6.0,2.72
goknr,834378380,1857819.0,0.0,0.06
eksun,198224708,4810836.0,2.0,0.13
lider,353616791,15826832.0,4.0,8.88
lidfa,799282505,-23266200.0,-3.0,-0.11
kayse,196065781,-64475.0,-0.0,-0.01
pehol,5387079433,-1583905.0,-0.0,-0.0
hisse,t_is_hac,t_p_akısı,i_hac_oranı,h_b_p_g
ENJSA,1423936096,20278433.0,1.0,0.78
AKSEN,535765189,40046055.0,7.000000000000001,2.37
AHGAZ,570500657,54244544.0,10.0,2.07
MOGAN,356970274,26911955.0,8.0,0.64
SMRTG,347989101,6609058.0,2.0,0.57
CWENE,1010008998,54536899.0,5.0,0.88
ZOREN,710884368,-2501045.0,-0.0,-0.01
MAGEN,469987853,38384433.0,8.0,2.24
ENERY,1251327282,-1983253.0,-0.0,-0.01
AYDEM,176083779,-3032492.0,-2.0,-0.28
ALFAS,709382047,41604551.0,6.0,2.72
AKFYE,394962726,19426039.0,5.0,0.86
GWIND,314354501,11158810.0,4.0,0.84
ARASE,128729248,22386613.0,17.0,7.41
CANTE,1684582749,172748437.0,10.0,0.17
IZENR,711577192,6244503.0,1.0,0.05
ODAS,1054597705,63071987.0,6.0,0.29
BIOEN,610425027,90844299.0,15.0,2.87
AKENR,3111469886,385740212.0,12.0,1.48
AYEN,75279204,6122211.0,8.0,2.09
TATEN,423236948,182589.0,0.0,0.02
NATEN,860662608,37226373.0,4.0,1.97
ESEN,394293658,46762591.0,12.0,5.12
NTGAZ,1002078248,65438759.0,7.000000000000001,0.59
HUNER,361515669,-6519369.0,-2.0,-0.06
PAMEL,269011449,5778218.0,2.0,1.89
CONSE,201949477,3388652.0,2.0,0.05
ZEDUR,57238274,1983755.0,3.0,0.25
KARYE,927690701,-93028445.0,-10.0,-3.04
AKSUE,253392336,-1633955.0,-1.0,-0.15
CATES,161491117,-4176506.0,-3.0,-0.73
ENTRA,902394920,65152652.0,7.000000000000001,0.72
hisse,t_is_hac,t_p_akısı,i_hac_oranı,h_b_p_g
KCHOL,25706065919,1664130223.0,6.0,8.96
THYAO,31976922784,43605742.0,0.0,0.39
BIMAS,15021156402,631504473.0,4.0,20.12
FROTO,5490409046,-70174231.0,-1.0,-1.14
TUPRS,16146723355,1280166870.0,8.0,9.97
ASELS,34695500657,4503418415.0,13.0,18.82
ENKAI,4912521188,601954560.0,12.0,7.94
SASA,9736130523,-506616772.0,-5.0,-0.2
TCELL,7991701454,496487711.0,6.0,5.52
CCOLA,1576490024,-38854143.0,-2.0,-1.24
SAHOL,10633841238,196322713.0,2.0,1.36
EREGL,20420261775,1709372784.0,8.0,1.97
TTKOM,6474876261,588661004.0,9.0,5.04
AEFES,4236470843,-16729036.0,-0.0,-0.6
SISE,4228479865,146230084.0,3.0,1.16
TOASO,8377625596,861085439.0,10.0,20.73
ARCLK,1459921685,44818037.0,3.0,3.47
PGSUS,8564110930,718612941.0,8.0,19.63
AGHOL,706910962,-36591852.0,-5.0,-14.05
MGROS,4363285698,235100300.0,5.0,27.05
TAVHL,3245372099,217530436.0,7.000000000000001,15.14
OYAKC,3445995355,-51132928.0,-1.0,-0.33
ASTOR,5208201596,162559892.0,3.0,2.97
ENJSA,1423936096,20278433.0,1.0,0.78
TTRAK,755355454,-90960792.0,-12.0,-70.84
KOZAL,5268563766,430847671.0,8.0,2.08
TURSG,670191487,48099629.0,7.000000000000001,1.24
OTKAR,1515263003,37325916.0,2.0,9.46
PETKM,4242132599,457670686.0,11.0,1.76
BRSAN,1185097504,-27073072.0,-2.0,-8.2
ULKER,3189695039,172451821.0,5.0,5.97
BRYAT,854690412,-44624292.0,-5.0,-105.55
ISMEN,1059272436,55731421.0,5.0,1.91
GUBRF,4967301425,359728479.0,7.000000000000001,19.97
AKSEN,535765189,40046055.0,7.000000000000001,2.37
TABGD,1302005809,54481299.0,4.0,7.31
DOAS,1995380522,96693873.0,5.0,9.76
MAVI,1627474273,59712322.0,4.0,1.22
EKGYO,10090116008,1671635199.0,17.0,2.03
ALARK,2415714491,-49788293.0,-2.0,-1.81
DOHOL,1652227126,-94035236.0,-6.0,-0.85
EGEEN,1658730292,-4109782.0,-0.0,-22.4
AKSA,635053114,12208541.0,2.0,0.18
KONYA,364189832,-22712860.0,-6.0,-362.44
ECILC,763087308,37039830.0,5.0,2.29
SOKM,1157402083,22475093.0,2.0,0.74
TSKB,1182262562,44758684.0,4.0,0.4
KONTR,1949739518,-67564757.0,-3.0,-0.9
CIMSA,1993119434,-4854853.0,-0.0,-0.11
REEDR,1306980482,-3985966.0,-0.0,-0.03
VESBE,269229759,-860631.0,-0.0,-0.04
HEKTS,1180096887,99127943.0,8.0,0.26
KCAER,952006771,5049406.0,1.0,0.07
SMRTG,347989101,6609058.0,2.0,0.57
BTCIM,3958042270,224291729.0,6.0,0.31
MIATK,2430325593,112020175.0,5.0,1.6
CWENE,1010008998,54536899.0,5.0,0.88
KRDMD,5099247228,445027038.0,9.0,2.05
ZOREN,710884368,-2501045.0,-0.0,-0.01
ENERY,1251327282,-1983253.0,-0.0,-0.01
AGROT,2693386983,166532742.0,6.0,0.53
BFREN,1266358700,83443691.0,7.000000000000001,13.0
VESTL,1335005655,-33613163.0,-3.0,-1.03
ALFAS,709382047,41604551.0,6.0,2.72
AKFYE,394962726,19426039.0,5.0,0.86
ECZYT,321708533,67570216.0,21.0,39.59
KLSER,234390350,-4787384.0,-2.0,-0.58
KOZAA,2167396794,83076719.0,4.0,3.34
GESAN,533036790,13604679.0,3.0,1.03
EUPWR,538723984,7442600.0,1.0,0.34
TKFEN,6153671104,207168002.0,3.0,4.35
BINHO,4865496975,612429412.0,13.0,41.28
YEOTK,1024206118,49630707.0,5.0,2.05
KAYSE,196065781,-64475.0,-0.0,-0.01
OBAMS,2651743509,-14545556.0,-1.0,-0.45
ISGYO,319211603,522591.0,0.0,0.02
SDTTR,639490013,9916326.0,2.0,3.0
TMSN,299577074,18689433.0,6.0,5.24
CANTE,1684582749,172748437.0,10.0,0.17
IZENR,711577192,6244503.0,1.0,0.05
YYLGD,967347550,57716109.0,6.0,0.62
TUKAS,1443665137,-9363573.0,-1.0,-0.02
ODAS,1054597705,63071987.0,6.0,0.29
EUREN,4298847861,537959708.0,13.0,0.74
BERA,471857875,4761952.0,1.0,0.15
AKFGY,513285647,64645359.0,13.0,0.26
GOLTS,323044915,-21818378.0,-7.000000000000001,-25.36
QUAGR,1245878545,-43729651.0,-4.0,-0.19
KTLEV,5517998949,-170657738.0,-3.0,-2.75
ARDYZ,482535123,8461906.0,2.0,0.45
PEKGY,1310068233,177372143.0,14.000000000000002,0.19
LMKDC,650850402,910122.0,0.0,0.04
hisse,t_is_hac,t_p_akısı,i_hac_oranı,h_b_p_g
OPX30,89533560,-4991629.0,-6.0,-3.13
ZPX30,3702554063,272862047.0,7.000000000000001,9.81
ZELOT,161586976,-82894644.0,-51.0,-49.15
APX30,275231057,-49610637.0,-18.0,-4.8
APLIB,75962716,14906138.0,20.0,7.28
ZSR25,28753553,144425.0,1.0,0.18
APBDL,77629342,-8667811.0,-11.0,-2.54
Z30EA,178755062,-20128958.0,-11.0,-14.38
ZPLIB,7677103500,760620775.0,10.0,13.05
ZTM25,85733784,13700052.0,16.0,20.79
ZPBDL,1376843458,-132586354.0,-10.0,-14.73
hisse,t_is_hac,t_p_akısı,i_hac_oranı,h_b_p_g
DSTKF,2095033930,-46018211.0,-2.0,-4.67
ISFIN,310924391,-3901108.0,-1.0,-0.16
VAKFN,677661489,47636889.0,7.000000000000001,0.16
GARFA,951344286,-14907446.0,-2.0,-0.48
ULUFA,550972785,17218295.0,3.0,0.52
LIDFA,799282505,-23266200.0,-3.0,-0.11
CRDFA,505846042,1026801.0,0.0,0.02
SEKFK,49388036,1104672.0,2.0,0.16
TURSG,670191487,48099629.0,7.000000000000001,1.24
ANSGR,703437713,22435259.0,3.0,2.85
raysg,1066742739,61318608.0,6.0,13.63
hisse,t_is_hac,t_p_akısı,i_hac_oranı,h_b_p_g
akcns,271016133,37346600.0,14.000000000000002,20.0
bieny,741445867,16216657.0,2.0,0.87
bobet,1234257199,-52376444.0,-4.0,-1.02
bsoke,1843317883,-327906.0,-0.0,-0.0
btcim,3958042270,224291729.0,6.0,0.31
bucim,186662198,14471997.0,8.0,0.59
cimsa,1993119434,-4854853.0,-0.0,-0.11
cmbtn,329007341,-8063416.0,-2.0,-56.04
dogub,37243428,2035761.0,5.0,0.9
egser,42960098,662078.0,2.0,0.05
golts,323044915,-21818378.0,-7.000000000000001,-25.36
klkim,686352967,-1167048.0,-0.0,-0.05
klser,234390350,-4787384.0,-2.0,-0.58
konya,364189832,-22712860.0,-6.0,-362.44
kutpo,611063583,49725882.0,8.0,6.64
lmkdc,650850402,910122.0,0.0,0.04
marbl,449125097,-11723264.0,-3.0,-0.37
nibas,1248569776,33152396.0,3.0,0.53
nuhcm,226077959,1623383.0,1.0,1.75
oyakc,3445995355,-51132928.0,-1.0,-0.33
Quagr,1245878545,-43729651.0,-4.0,-0.19
usak,5459211871,-23204769.0,-0.0,-0.03
afyon,221692202,10687574.0,5.0,0.65
hisse,t_is_hac,t_p_akısı,i_hac_oranı,h_b_p_g
KZBGY,2795934188,-95746499.0,-3.0,-0.39
OZKGY,293016943,17894275.0,6.0,0.63
BANVT,464211562,-11583810.0,-2.0,-5.4
CLEBI,889176560,-1170555.0,-0.0,-3.23
goknr,834378380,1857819.0,0.0,0.06
DGNMO,84693922,-4797924.0,-6.0,-0.38
GLDTR,649356358,12624471.0,2.0,6.93
KLKIM,686352967,-1167048.0,-0.0,-0.05
AFYON,221692202,10687574.0,5.0,0.65
SELGD,165003180,-11409692.0,-7.000000000000001,-3.64
PARSN,335895084,11660549.0,3.0,3.01
ARSAN,144801429,-15671123.0,-11.0,-2.16
AYCES,131255644,-11990346.0,-9.0,-39.51
BASGZ,435498147,-40578595.0,-9.0,-3.08
SNKRN,1610379475,0.0,0.0,0.0
GLYHO,805499246,44466682.0,6.0,0.41
KAREL,630307954,36169553.0,6.0,0.52
KSTUR,3234040996,0.0,0.0,0.0
OYAYO,40194859,-2253113.0,-6.0,-1.33
KGYO,127360618,15204607.0,12.0,0.38
KARSN,808008807,6884156.0,1.0,0.09
EPLAS,142823257,-1879028.0,-1.0,-0.07
uluun,179023257,2354593.0,1.0,0.08
HATEK,87181190,1116684.0,1.0,0.32
ESEN,394293658,46762591.0,12.0,5.12
ZPBDL,1376843458,-132586354.0,-10.0,-14.73
VAKKO,174073537,2546623.0,1.0,0.92
GRNYO,70673285,-6498024.0,-9.0,-0.84
KERVN,902271421,0.0,0.0,0.0
DIRIT,2074692898,0.0,0.0,0.0
MERIT,243225741,12592576.0,5.0,0.63
DAGI,227517546,-14885162.0,-7.000000000000001,-0.34
BMSCH,47879042,-4374249.0,-9.0,-1.07
BEYAZ,260862465,13091797.0,5.0,1.15
KARYE,927690701,-93028445.0,-10.0,-3.04
DOBUR,655965242,-18205964.0,-3.0,-7.86
LRSHO,3552212636,-73338288.0,-2.0,-0.08
KLSYN,116907579,8939260.0,8.0,0.39
SNGYO,503956030,-62196477.0,-12.0,-0.42
PRKAB,97559694,-1841753.0,-2.0,-0.5
PSGYO,664281363,-16437914.0,-2.0,-0.04
ESCAR,560929464,26688240.0,5.0,3.38
IDGYO,76824693,7754246.0,10.0,0.31
IEYHO,4913501579,385208799.0,8.0,1.13
MNDRS,177906353,13448529.0,8.0,0.71
AKYHO,73540059,-4805720.0,-7.000000000000001,-0.21
SEYKM,37913887,449594.0,1.0,0.04
barma,219707898,-3462964.0,-2.0,-0.3
PAMEL,269011449,5778218.0,2.0,1.89
EDIP,1912965426,187911028.0,10.0,3.49
ARENA,590479712,-25609387.0,-4.0,-2.02
DURDO,82052592,1904550.0,2.0,0.08
SNPAM,1950392650,0.0,0.0,0.0
RTALB,822836487,75705849.0,9.0,0.29
SEKUR,243955318,-9970828.0,-4.0,-0.78
BRKO,2494454207,0.0,0.0,0.0
ENSRI,166870138,6843266.0,4.0,0.8
YESIL,114855869,138253.0,0.0,0.0
CEMAS,1946779039,102266102.0,5.0,0.48
SRVGY,542058806,-349206.0,-0.0,-0.0
AVTUR,59685422,4497420.0,8.0,0.83
BURVA,68131801,-1794350.0,-3.0,-2.65
ARZUM,179693262,54019.0,0.0,0.0
MRSHL,362660170,-951648.0,-0.0,-3.9
OYLUM,50187930,-874772.0,-2.0,-0.12
MERCN,618089864,-35980004.0,-6.0,-1.09
FRIGO,160103255,-13893213.0,-9.0,-0.61
MEDTR,111302020,2749610.0,2.0,0.79
SEKFK,49388036,1104672.0,2.0,0.16
KTSKR,159080677,-2957649.0,-2.0,-1.06
RODRG,27185538,-1309094.0,-5.0,-0.78
BIZIM,53240196,-2217115.0,-4.0,-1.07
FADE,100873681,-3083864.0,-3.0,-0.43
OZSUB,248003022,7741115.0,3.0,0.74
MAALT,135036131,-8683256.0,-6.0,-46.23
LINK,415642696,3735553.0,1.0,4.78
ERBOS,90658266,5332949.0,6.0,9.45
DGATE,410767873,-21166705.0,-5.0,-3.65
GMTAS,203676387,-20932833.0,-10.0,-1.36
SANFM,730129341,93425277.0,13.0,3.8
ISBTR,1788159153,0.0,0.0,0.0
ORCAY,60842013,-3515365.0,-6.0,-0.47
GARFA,951344286,-14907446.0,-2.0,-0.48
EUYO,57206205,1881136.0,3.0,0.34
KNFRT,123178956,-14489813.0,-12.0,-1.23
KRVGD,166881099,128637.0,0.0,0.0
EMKEL,1091183080,127967303.0,12.0,3.12
BSOKE,1843317883,-327906.0,-0.0,-0.0
ruzye,190495980,-13726741.0,-7.000000000000001,-0.71
FLAP,98496069,2056079.0,2.0,0.16
SMART,104403590,1788356.0,2.0,0.45
DERHL,1782379787,6992274.0,0.0,0.61
ORGE,619296825,-6426180.0,-1.0,-1.08
IPEKE,1089243548,64368797.0,6.0,3.99
BALAT,1499987701,0.0,0.0,0.0
LOGO,912513366,-66372388.0,-7.000000000000001,-10.04
OZRDN,27883274,-2454635.0,-9.0,-0.72
BASCM,795263823,0.0,0.0,0.0
LKMNH,146136814,675440.0,0.0,0.07
YONGA,722148406,0.0,0.0,0.0
ZPLIB,7677103500,760620775.0,10.0,13.05
TDGYO,109596820,-16275358.0,-15.0,-2.14
FORMT,2956255771,-123698448.0,-4.0,-0.3
DGGYO,54400576,-853083.0,-2.0,-0.53
YATAS,184880489,12882690.0,7.000000000000001,1.7
CASA,1770436472,0.0,0.0,0.0
GOODY,341440976,-2979076.0,-1.0,-0.15
KLGYO,432713785,37584927.0,9.0,0.39
OYYAT,64856109,173668.0,0.0,0.07
GLCVY,621541720,-25226797.0,-4.0,-2.64
USAK,5459211871,-23204769.0,-0.0,-0.03
AKCNS,271016133,37346600.0,14.000000000000002,20.0
BRMEN,696504316,0.0,0.0,0.0
KORDS,189944831,-5672695.0,-3.0,-1.65
ASUZU,173848485,9413419.0,5.0,3.05
ANSGR,703437713,22435259.0,3.0,2.85
ISYAT,218692980,-6945067.0,-3.0,-0.26
ZGOLD,544915855,10139384.0,2.0,8.05
VKFYO,86880544,-18026490.0,-21.0,-3.79
PINSU,74567425,-1156100.0,-2.0,-0.09
CEMTS,1793059708,-144269533.0,-8.0,-1.3
KIMMR,300184696,14595606.0,5.0,0.49
SUMAS,974259228,0.0,0.0,0.0
DERIM,302524829,12969436.0,4.0,1.62
IHGZT,409566892,41824400.0,10.0,0.14
YYAPI,228791358,-5184933.0,-2.0,-0.03
KARTN,120638022,7352124.0,6.0,4.91
KRTEK,177829474,-1351523.0,-1.0,-0.21
YBTAS,1731601254,0.0,0.0,0.0
INTEM,92328022,605962.0,1.0,1.29
PENGD,329444732,7123389.0,2.0,0.17
UFUK,256380308,5606528.0,2.0,17.13
IHEVA,52043308,-1984558.0,-4.0,-0.08
PRZMA,75706898,14034039.0,19.0,2.25
pehol,5387079433,-1583905.0,-0.0,-0.0
AVGYO,47523470,-1701339.0,-4.0,-0.32
TBORG,125609113,6941376.0,6.0,9.52
KUTPO,611063583,49725882.0,8.0,6.64
POLHO,1145776410,-6481990.0,-1.0,-0.1
AKMGY,62734899,8298192.0,13.0,26.52
AVOD,136641837,-110313.0,-0.0,-0.0
EMNIS,1462149046,0.0,0.0,0.0
OSMEN,316549569,-11329855.0,-4.0,-0.31
ALGYO,128154098,-10675092.0,-8.0,-1.46
ZRGYO,471723315,56776387.0,12.0,2.99
INVEO,80466337,4047179.0,5.0,0.3
odas,1054597705,63071987.0,6.0,0.29
ISDMR,368702644,26664349.0,7.000000000000001,2.46
FMIZP,220561786,3707232.0,2.0,5.28
YGYO,754618574,921694.0,0.0,0.01
RNPOL,81597724,4026899.0,5.0,1.66
SKTAS,286160194,25686320.0,9.0,0.46
CMENT,2001716319,0.0,0.0,0.0
KONKA,353576377,11652348.0,3.0,1.17
MEPET,27110759,-2179875.0,-8.0,-0.67
MARKA,315667094,-2631861.0,-1.0,-0.45
IZFAS,2141156397,-651178954.0,-30.0,-25.45
GMSTR,1102298780,-18028935.0,-2.0,-4.19
JANTS,353095209,-2025387.0,-1.0,-0.13
TUREX,11965964470,-2007237794.0,-17.0,-7.8
NIBAS,1248569776,33152396.0,3.0,0.53
SAFKR,809948267,38269435.0,5.0,5.23
TMPOL,445123000,-40281161.0,-9.0,-8.15
GLBMD,69240173,298884.0,0.0,0.05
AYES,942642703,0.0,0.0,0.0
RYSAS,642600771,28425509.0,4.0,0.7
GSRAY,1976437614,-124495252.0,-6.0,-0.13
ZPX30,3702554063,272862047.0,7.000000000000001,9.81
MPARK,1027293340,65848252.0,6.0,21.32
YUNSA,77235549,-2690910.0,-3.0,-0.19
GSDDE,159831632,19787275.0,12.0,1.07
cvkmd,4152308235,163866407.0,4.0,0.52
ALCAR,282376397,429199.0,0.0,1.59
MEGAP,1209476291,-7028065.0,-1.0,-0.02
ZPT10,103289483,-12356677.0,-12.0,-9.11
TEZOL,467963848,63781442.0,14.000000000000002,2.24
CUSAN,81738996,-921631.0,-1.0,-0.24
OSTIM,626147677,-36207250.0,-6.0,-0.26
ERCB,183583560,5729935.0,3.0,2.45
BOSSA,136894063,5613618.0,4.0,0.25
ARASE,128729248,22386613.0,17.0,7.41
PAPIL,5120972430,-111318358.0,-2.0,-0.89
SARKY,115684336,-4056782.0,-4.0,-0.66
RAYSG,1066742739,61318608.0,6.0,13.63
CEOEM,387762591,-68294604.0,-18.0,-5.4
ISSEN,47225409,2168381.0,5.0,0.35
AKSUE,253392336,-1633955.0,-1.0,-0.15
PKART,140839742,11722952.0,8.0,5.15
VBTYZ,133596225,7537603.0,6.0,1.03
TGSAS,105994434,-4366425.0,-4.0,-2.73
VKING,39586000,-3713900.0,-9.0,-2.6
KRDMB,153128801,14420027.0,9.0,2.07
PSDTC,52634312,-3398360.0,-6.0,-4.78
AYGAZ,540073117,-789889.0,-0.0,-0.19
alfas,709382047,41604551.0,6.0,2.72
TEKTU,522098206,63786610.0,12.0,0.53
BJKAS,1629751260,-108688732.0,-7.000000000000001,-0.13
SANKO,94034326,-64826.0,-0.0,-0.01
ISBIR,1499523268,0.0,0.0,0.0
GRSEL,1642259116,-45775110.0,-3.0,-8.59
RYGYO,616366514,27494026.0,4.0,0.62
RALYH,827377466,-672803.0,-0.0,-0.1
MANAS,363113597,5104429.0,1.0,0.09
EGPRO,103104022,-3260503.0,-3.0,-0.73
TRCAS,384322749,21236685.0,6.0,1.56
BRLSM,714674310,24758845.0,3.0,0.63
CELHA,212622257,19063912.0,9.0,1.89
NUGYO,163586982,22638099.0,14.000000000000002,0.96
IHLAS,2201427605,21906749.0,1.0,0.02
DAPGM,672580357,-37155559.0,-6.0,-0.45
EUHOL,2953325738,20501233.0,1.0,0.07
ICBCT,239552380,7674763.0,3.0,0.41
PNSUT,250695392,-14905844.0,-6.0,-0.56
ALKIM,102271987,13530005.0,13.0,1.97
GENTS,1128679025,5782205.0,1.0,0.13
CRDFA,505846042,1026801.0,0.0,0.02
FONET,718375445,102750563.0,14.000000000000002,2.23
BAYRK,436408910,26853802.0,6.0,1.14
TLMAN,98152227,-8053064.0,-8.0,-6.51
DESPC,306543005,-11134185.0,-4.0,-1.78
ALCTL,304413406,-5702987.0,-2.0,-1.92
PENTA,208137809,12752642.0,6.0,0.82
BUCIM,186662198,14471997.0,8.0,0.59
SELEC,870845640,129828305.0,15.0,10.17
ISKPL,302336415,50374816.0,17.0,4.18
BRISA,154375277,-15676137.0,-10.0,-8.21
GWIND,314354501,11158810.0,4.0,0.84
OTTO,146847418,-6654262.0,-5.0,-16.86
DEVA,163725872,23102409.0,14.000000000000002,8.29
IZMDC,112288492,7826088.0,7.000000000000001,0.35
SELVA,141424088,786736.0,1.0,0.01
AYDEM,176083779,-3032492.0,-2.0,-0.28
ANELE,122502703,-4164241.0,-3.0,-0.55
cwene,1010008998,54536899.0,5.0,0.88
AYEN,75279204,6122211.0,8.0,2.09
NETAS,315420806,14388812.0,5.0,2.45
BAGFS,650958010,20994094.0,3.0,0.88
HTTBT,278896690,-16845296.0,-6.0,-2.5
ETYAT,42830260,3063126.0,7.000000000000001,0.7
DYOBY,377511231,-25038759.0,-7.000000000000001,-0.99
AGESA,589253961,-425344.0,-0.0,-0.1
INVES,127364462,-14536675.0,-11.0,-24.46
GSDHO,389915256,15461468.0,4.0,0.17
KAPLM,259211680,5598901.0,2.0,4.33
INDES,239591840,-11388071.0,-5.0,-0.33
eksun,198224708,4810836.0,2.0,0.13
SOKE,142704406,-2523428.0,-2.0,-0.19
VANGD,199209725,-6967018.0,-3.0,-1.11
IHAAS,172290022,5082558.0,3.0,0.58
GENIL,589872208,-12125811.0,-2.0,-2.54
EUKYO,62248186,3915768.0,6.0,0.71
BLCYT,86551779,-3598332.0,-4.0,-0.63
EGSER,42960098,662078.0,2.0,0.05
COSMO,84070820,3365172.0,4.0,4.43
ATLAS,41494402,6272363.0,15.0,0.77
TUCLK,184759364,-16811763.0,-9.0,-0.84
GEREL,276187105,20460655.0,7.000000000000001,0.67
METRO,189485614,5410200.0,3.0,0.07
YAYLA,107586785,-1064271.0,-1.0,-0.21
HDFGS,975345886,13411254.0,1.0,0.02
MNDTR,76454942,4764175.0,6.0,0.33
CRFSA,102722021,5409529.0,5.0,4.11
DAGHL,727249584,-26937034.0,-4.0,-3.49
PRKME,116636065,3991750.0,3.0,0.61
ESCOM,412895146,17465833.0,4.0,0.12
DZGYO,511789360,-2747238.0,-1.0,-0.03
PCILT,193084229,-17292529.0,-9.0,-1.12
DOKTA,212277384,3105337.0,1.0,0.33
kayse,196065781,-64475.0,-0.0,-0.01
IHYAY,181533721,7194013.0,4.0,0.08
POLTK,210959028,-22405235.0,-11.0,-672.37
GLRYH,292593594,1450471.0,0.0,0.02
VERTU,233789384,4661291.0,2.0,0.68
Z30KP,1548150558,11964141.0,1.0,1.11
GEDIK,61279316,3771840.0,6.0,0.49
GOZDE,203691503,4872660.0,2.0,0.43
KATMR,1365467816,125580658.0,9.0,0.14
ANGEN,215160065,-4805535.0,-2.0,-0.25
EGGUB,574035986,-23819473.0,-4.0,-3.02
ELITE,628478339,16737907.0,3.0,1.16
EGEPO,352944417,-20534901.0,-6.0,-0.43
NATEN,860662608,37226373.0,4.0,1.97
TRILC,390667564,9175460.0,2.0,0.46
MTRKS,194242376,3669935.0,2.0,0.4
MTRYO,27924565,-2728776.0,-10.0,-0.62
VAKFN,677661489,47636889.0,7.000000000000001,0.16
DENGE,309548393,886309.0,0.0,0.01
ETILR,344991926,-2816725.0,-1.0,-0.08
KUYAS,2230838045,379023992.0,17.0,6.72
YAPRK,3947380168,-464567173.0,-12.0,-45.92
KRDMA,819008045,172426299.0,21.0,8.21
SANEL,44514017,1638112.0,4.0,0.92
lider,353616791,15826832.0,4.0,8.88
YGGYO,115934600,10213707.0,9.0,6.59
TSGYO,186160145,8804367.0,5.0,0.31
BAKAB,110338585,8039749.0,7.000000000000001,2.27
MMCAS,831340071,0.0,0.0,0.0
KLMSN,116421788,-9023053.0,-8.0,-1.84
DESA,211452030,-30357558.0,-14.000000000000002,-1.27
HLGYO,432830515,-1997033.0,-0.0,-0.01
FENER,3850260654,210131911.0,5.0,2.59
ACSEL,112607204,-6067897.0,-5.0,-5.96
EDATA,385291000,-9350934.0,-2.0,-0.11
ATAGY,59472597,6570645.0,11.0,1.19
SNICA,305389841,51293515.0,17.0,0.65
PETUN,235146595,14584070.0,6.0,0.58
HEDEF,310853693,16652101.0,5.0,0.45
hubvc,41096156,17797578.0,43.0,0.74
Z30KE,1269792414,115847197.0,9.0,8.95
PAGYO,90230232,3902789.0,4.0,2.76
ATSYH,1599141491,0.0,0.0,0.0
MAGEN,470128268,38384433.0,8.0,2.24
lidfa,799282505,-23266200.0,-3.0,-0.11
conse,201949477,3388652.0,2.0,0.05
SONME,90598315,95978.0,0.0,0.11
ISFIN,310924391,-3901108.0,-1.0,-0.16
ADESE,2054862233,17713183.0,1.0,0.02
BIOEN,610425027,90844299.0,15.0,2.87
BRKSN,37419083,401241.0,1.0,0.23
TRGYO,702994131,26379006.0,4.0,2.29
KRGYO,938825729,-80383383.0,-9.0,-1.28
AGYO,44000339,-2300963.0,-5.0,-0.32
ALKA,127286898,5527436.0,4.0,0.29
NUHCM,226077959,1623383.0,1.0,1.75
KFEIN,295177620,-19610878.0,-7.000000000000001,-7.5
ANHYT,428302342,-14799267.0,-3.0,-2.69
KENT,2806397717,0.0,0.0,0.0
DMSAS,205807223,-2779503.0,-1.0,-0.1
ULUSE,136147139,-1017323.0,-1.0,-0.97
MERKO,619498614,-28464328.0,-5.0,-0.74
USDTR,513960038,34945282.0,7.000000000000001,244.65
AKGRT,289732860,-4924248.0,-2.0,-0.1
BNTAS,991227523,-14671755.0,-1.0,-0.11
EKIZ,905533606,0.0,0.0,0.0
SAMAT,198691841,12807078.0,6.0,1.17
INFO,123866406,5424951.0,4.0,0.09
SAYAS,811804879,52936296.0,7.000000000000001,2.33
DOCO,1189814245,10173218.0,1.0,58.97
ADEL,927751487,29807309.0,3.0,1.01
HURGZ,195024336,38311723.0,20.0,1.05
tatgd,126151945,-4391639.0,-3.0,-0.41
KRSTL,386349559,23471079.0,6.0,0.44
AKENR,3111469886,385740212.0,12.0,1.48
ORMA,1658158413,0.0,0.0,0.0
MARTI,354913643,17863878.0,5.0,0.14
AKSGY,203734094,4366320.0,2.0,0.13
ULUFA,550972785,17218295.0,3.0,0.52
KRONT,134042997,921727.0,1.0,0.12
NTGAZ,1002078248,65438759.0,7.000000000000001,0.59
DARDL,158576014,-4367608.0,-3.0,-0.13
PNLSN,112624302,3244679.0,3.0,0.97
Z30EA,178755062,-20128958.0,-11.0,-14.38
DNISI,245994426,12464967.0,5.0,1.1
